timestamp,temperature_C,humidity_relative_%,illumination_%,soil_moisture_%,water_tank_%
2025-05-10 00:00:00,26.829950317550846,64.3909954099601,26.606191316082302,67.08527648896553,99.8482406829366
2025-05-10 00:05:00,27.667912408549657,65.2257021033174,28.57177852490977,67.0084219805143,99.60151464487056
2025-05-10 00:10:00,27.995828349366164,64.43878810365987,17.055390349082256,64.39824018364949,99.36614958047436
2025-05-10 00:15:00,25.682592243075305,75.0,24.756438220366874,59.939207990747974,99.21725576712034
2025-05-10 00:20:00,26.44932935740246,68.89570423414735,24.73812804492411,58.79181613415502,98.92066477119859
2025-05-10 00:25:00,24.17635551745129,68.63124705113452,24.92719982984532,57.34152076325516,98.6432520022671
2025-05-10 00:30:00,27.59248350037723,65.31672070581529,15.817442170962332,63.32336128957179,98.5340412821642
2025-05-10 00:35:00,25.37100427010524,67.64544088099028,12.0879566268671,60.52879925091812,98.2355595704435
2025-05-10 00:40:00,25.338851361573255,69.9034286367221,18.576578025924643,60.63198484145749,98.05251175878452
2025-05-10 00:45:00,24.95806751608281,62.52521533306788,14.810508643074037,57.95285911177156,97.8581004465407
2025-05-10 00:50:00,27.466824879191382,69.2611350693054,24.374338323096843,64.72185985176012,97.64282934800148
2025-05-10 00:55:00,25.977772362019763,62.14160737850158,25.295147816143547,60.85136180405708,97.432641134879
2025-05-10 01:00:00,26.761913777855796,70.03422971138987,19.729149110779506,59.73806657624123,97.32503563260008
2025-05-10 01:05:00,26.889594456022394,60.332726972653845,17.83327372651153,65.12979881424272,97.22345784666194
2025-05-10 01:10:00,27.69634692428399,66.09486994955712,20.82500502767083,64.23768739106531,97.02393778264062
2025-05-10 01:15:00,27.992442129814275,66.30006588313194,21.214969051570577,64.88161691438064,96.90895329962304
2025-05-10 01:20:00,27.07405964419643,68.14410805891184,26.516837758686588,62.20684063508298,96.68639473575466
2025-05-10 01:25:00,26.02610475977194,73.45925078702149,23.562155079781732,63.41834955021311,96.42463774999396
2025-05-10 01:30:00,26.570272656879443,67.93508485737203,19.0286184416439,63.37016838489457,96.13273628245085
2025-05-10 01:35:00,26.565788532542623,61.94830932446826,17.641886562401847,63.838029549722954,95.89351924735013
2025-05-10 01:40:00,25.692482923786407,67.23327275484516,28.520961974736416,55.15286719805002,95.77442046809952
2025-05-10 01:45:00,24.917513637163623,72.88039979881543,18.38740633803458,56.1468009159953,95.55362438036941
2025-05-10 01:50:00,28.0,74.8251219346429,21.857809108879305,62.81202056724946,95.28897970639461
2025-05-10 01:55:00,26.67081169787792,63.82660092368049,14.139701656866714,66.26433225560835,95.13895001079918
2025-05-10 02:00:00,25.9645978770237,63.50303927183296,20.954267830280724,62.7323792669673,94.9639217567097
2025-05-10 02:05:00,27.353254315731313,65.71274731318809,21.726011093390873,60.213448023255744,94.70941426827284
2025-05-10 02:10:00,28.0,65.3963270308497,24.969344440786536,56.133139461639686,94.44136762962711
2025-05-10 02:15:00,24.887860849981305,67.39147115723586,15.258152790992302,65.74613093752926,94.24498912253728
2025-05-10 02:20:00,25.606107736405015,67.85230603850523,22.137635898227053,55.25839127288461,93.96031622217434
2025-05-10 02:25:00,27.89769877776636,68.37950848470294,21.594613030194534,70.0,93.67409849567504
2025-05-10 02:30:00,25.60561300950261,71.7249645619719,17.89271643346331,60.0430334727821,93.40714754268575
2025-05-10 02:35:00,26.801052372069883,64.73543213348759,18.67495158022806,61.47353399278397,93.14254912371554
2025-05-10 02:40:00,25.953573599140316,65.83007090365845,21.13841680771616,60.35733757432597,92.93450631172279
2025-05-10 02:45:00,26.80458813792084,73.78077775504369,9.74373261541775,67.39380126561095,92.80728306637263
2025-05-10 02:50:00,27.873014666704147,68.402695749873,18.760172277474044,63.91450532736877,92.69833626658074
2025-05-10 02:55:00,26.71496134132097,65.96842001716809,17.357281964553014,61.7619017201584,92.54882083041103
2025-05-10 03:00:00,27.172618962944238,69.17473758422685,3.9817958044246566,63.751531788812215,92.44604225773067
2025-05-10 03:05:00,24.71230455100169,63.63596172818471,23.589199739779446,61.84929149815207,92.16772344057159
2025-05-10 03:10:00,26.643560148293993,68.8944574499727,18.215811804945478,58.9642503914959,91.88485701948099
2025-05-10 03:15:00,24.374244209079464,73.18087071919894,21.460354383810515,60.013134383257366,91.69423987691263
2025-05-10 03:20:00,26.673731736830863,66.5691726837373,21.573867486405256,64.64795151247677,91.53253385087993
2025-05-10 03:25:00,26.540373873529465,66.78155851954973,14.543821681235457,63.30567628502255,91.42618110110686
2025-05-10 03:30:00,27.31011064316727,60.7727521378052,20.587768998762666,65.69731789833787,91.166136056102
2025-05-10 03:35:00,27.705279219400772,64.44239311156532,20.27923717555209,60.76865709833166,90.89396549452248
2025-05-10 03:40:00,25.994551773997845,67.11648049384176,11.921696796888689,56.45162928221641,90.66046711983435
2025-05-10 03:45:00,26.885682911986287,75.0,19.997231247950126,61.5630967325333,90.40858812362781
2025-05-10 03:50:00,25.00505377026778,69.80312797565774,18.540599177625012,54.59423504325793,90.28191485233634
2025-05-10 03:55:00,27.04970955262577,73.48062807394918,27.421704598469248,65.61071167242112,90.07405632419764
2025-05-10 04:00:00,27.19002538714995,68.82641442709871,25.743760653460562,62.191339485635964,89.87417838917096
2025-05-10 04:05:00,25.249270138152276,72.61091780416132,10.786083793250086,63.088809253164456,89.6575868904848
2025-05-10 04:10:00,26.305189484334367,62.82804672128788,21.680140320012466,56.29722671122307,89.500952776894
2025-05-10 04:15:00,28.0,68.86365885019153,16.101509479017036,53.117405390589504,89.36740641235626
2025-05-10 04:20:00,27.619687596774323,73.04306757217601,13.732999696433367,59.84222049758191,89.2415667447205
2025-05-10 04:25:00,25.794448467312627,70.63772385663101,24.83296642443352,65.39801842176252,89.03834206192946
2025-05-10 04:30:00,26.824556679750415,75.0,19.741318249191025,62.323560022495606,88.89334701193896
2025-05-10 04:35:00,25.09114192446529,60.0,18.949370002705102,59.17768292088544,88.7849197231451
2025-05-10 04:40:00,26.857897193242017,64.62307934017822,16.54205128758519,57.11600246890531,88.50345364459483
2025-05-10 04:45:00,26.43138614277959,64.62100140447986,20.99012743569601,54.85475871546219,88.39084166563289
2025-05-10 04:50:00,26.543934143104423,65.42450510196787,22.91324477917207,64.28318589083763,88.123841466871
2025-05-10 04:55:00,27.723764898432208,63.1795603763839,24.309453963105565,63.492136027860276,87.98924792703033
2025-05-10 05:00:00,26.125129771173174,63.30277459797752,20.329818315414,65.41369241956698,87.82497397324632
2025-05-10 05:05:00,24.077947992091453,65.022161184114,22.077555257980787,66.18611710442912,87.57461128733
2025-05-10 05:10:00,26.13251773545066,61.89757922434204,16.759279336035036,60.77524537540395,87.40398431502224
2025-05-10 05:15:00,25.867964446633934,65.8312516884981,16.263190171727537,60.493621087848034,87.29598894718883
2025-05-10 05:20:00,27.609803427279164,66.04407604719847,27.485259369257253,66.13438957092109,87.10294819411621
2025-05-10 05:25:00,27.05178965784403,69.97165726024264,20.268324469021,66.8066574894658,86.80616903192275
2025-05-10 05:30:00,27.065382801387806,74.38967972588829,22.41912243698595,62.041914599933214,86.52561695108498
2025-05-10 05:35:00,26.834271865029745,65.53588457755245,20.65617962680432,63.033700785245614,86.27966531375934
2025-05-10 05:40:00,27.510075099811157,60.91554347234885,19.596908469793874,55.721046422480086,86.14196145014074
2025-05-10 05:45:00,27.307733910816438,63.21508113787976,11.354059578073526,63.94038689417963,85.94035375969192
2025-05-10 05:50:00,24.877150062899048,75.0,20.72028772365491,66.16798862021065,85.83315382479441
2025-05-10 05:55:00,25.693634573259583,75.0,17.629269706064004,59.76057262051892,85.55874836267833
2025-05-10 06:00:00,27.49416904382451,60.61785992414017,82.7682193562464,61.906964605607676,85.40095841552672
2025-05-10 06:05:00,27.605244628986817,61.32322950133777,86.70262066478813,64.33543040539394,85.11118932760989
2025-05-10 06:10:00,27.28533062628075,68.09545943153881,86.74670919312129,61.19085553695725,84.940706399176
2025-05-10 06:15:00,25.59391816325463,69.75591573455321,88.15942171964758,64.79688429317862,84.80672349328921
2025-05-10 06:20:00,26.337776600313124,61.68096592583553,77.3281133426025,60.50323557705621,84.53523991133306
2025-05-10 06:25:00,27.294994286795042,71.74962768687537,88.64074727789911,63.2088754590357,84.39974595009129
2025-05-10 06:30:00,25.711298381669852,70.15265760239512,95.32747548889395,61.547088964742706,84.28750607386186
2025-05-10 06:35:00,27.2882681148198,75.0,83.894529349468,59.1950354362354,84.06067942382903
2025-05-10 06:40:00,26.53243453360183,70.51300636082779,84.50122326438665,65.95364585691412,83.89667548788123
2025-05-10 06:45:00,25.54127509972952,68.02718038771842,81.22728914724448,65.54927016843664,83.7454118792744
2025-05-10 06:50:00,26.136498861312152,65.7703531654001,75.86008049006173,60.27981267200351,83.53850562776863
2025-05-10 06:55:00,25.419773758495538,71.43878356602148,89.87558642586869,67.02360332767205,83.3162290279262
2025-05-10 07:00:00,26.146497854329088,63.437325543981714,75.68347987330459,63.930245553173954,83.03703194881719
2025-05-10 07:05:00,25.606224953407917,65.51390467304425,83.25100063237711,58.60195227161129,82.7891021352462
2025-05-10 07:10:00,26.487763385490105,64.10580777202073,83.0301937756512,59.72861726637974,82.53088000252414
2025-05-10 07:15:00,26.967293541152273,68.01325143667565,82.59216350043837,69.43714806137223,82.24610628383621
2025-05-10 07:20:00,26.297808286020597,66.91086148304713,85.13242460037333,59.728442988584604,82.06308222884891
2025-05-10 07:25:00,27.305160147439906,70.39713232066879,94.12333445283167,62.35335975044427,81.90495752784004
2025-05-10 07:30:00,28.0,65.9329712588719,83.49457719381843,66.17084665794107,81.63640343404245
2025-05-10 07:35:00,27.283979557315114,74.79404959104416,91.94842172822153,62.53256484808544,81.52520999286928
2025-05-10 07:40:00,26.033856804686074,67.72735110039235,92.0455105138437,63.80624047657586,81.29569103130513
2025-05-10 07:45:00,25.851923569682146,66.47044916519606,80.2750103054248,62.28936705330096,81.17638564096238
2025-05-10 07:50:00,25.65510155243496,63.246733254232325,83.08626355478776,62.30988958228323,81.05517784446053
2025-05-10 07:55:00,27.033671016693727,69.86794258906589,89.78456117514156,58.56998163231469,80.79340706795169
2025-05-10 08:00:00,25.32365148533473,67.68200114336572,86.58244857248994,63.72834771394705,80.49678034977902
2025-05-10 08:05:00,25.744321547849136,66.50769251259103,85.75955073620767,62.35380627179947,80.19690494607
2025-05-10 08:10:00,26.748700888888447,70.23711265254558,84.79843512744606,68.18351952286031,79.97007813754557
2025-05-10 08:15:00,25.75078144751985,60.0,84.8602934602557,61.916531254029124,79.78208502245154
2025-05-10 08:20:00,26.59401832194047,61.95550022226213,87.499520709731,66.66934743492479,79.65625539953747
2025-05-10 08:25:00,25.69355650687944,73.47005558327457,81.64253936411254,67.17463945400081,79.42805833613804
2025-05-10 08:30:00,24.0,75.0,77.86337957261536,66.15025208196215,79.311792365388
2025-05-10 08:35:00,26.282665130348363,63.303491744159,81.32240001509506,60.86808498636056,79.19295280544631
2025-05-10 08:40:00,24.850660729018152,75.0,88.8700634473613,57.46779530759098,79.07091565608275
2025-05-10 08:45:00,27.366254959909227,68.53983633930973,79.48304481367373,61.18036078205794,78.86656268813229
2025-05-10 08:50:00,27.473380717113173,67.7299396796538,89.7897448691462,68.52848462713416,78.61919226452132
2025-05-10 08:55:00,27.281475631435395,66.94128203470784,92.01294809095351,68.02862143950087,78.3304326945029
2025-05-10 09:00:00,28.0,70.45954825938495,78.18284680396859,64.20128040818311,78.06301170928766
2025-05-10 09:05:00,27.33736208486399,72.22019630138081,85.6387319015284,58.30040920698719,77.78661018833797
2025-05-10 09:10:00,26.811234104857977,71.35872418690307,80.63195048236923,67.36307380265549,77.5577139092822
2025-05-10 09:15:00,25.919628888073632,67.34156597670635,83.93153492350787,60.11192935465557,77.26102708607134
2025-05-10 09:20:00,27.22532612398303,70.21726901581387,89.52758484157305,60.30812455843563,77.06392378443762
2025-05-10 09:25:00,26.716544691353587,66.82138464957119,88.97068411422273,57.01460460324322,76.88910028784908
2025-05-10 09:30:00,25.794941166824547,61.62914224824471,85.78915403091261,58.2048374165633,76.64716595829093
2025-05-10 09:35:00,26.623077188946343,60.0,83.59118126400276,63.526787041175,76.40177934812894
2025-05-10 09:40:00,25.708100903359597,60.0,88.02862187585423,69.27889849921483,76.27498294842594
2025-05-10 09:45:00,25.992754223672918,64.03480822117055,81.05090746966182,63.291594339601005,76.02959229908669
2025-05-10 09:50:00,27.5077646024012,70.31367530893691,90.97479078535672,68.80599326920513,75.79628924805785
2025-05-10 09:55:00,26.81735184559466,68.0407200376174,88.38583809737676,65.87041643005657,75.52068772281058
2025-05-10 10:00:00,27.878009884771956,71.64086729260949,89.9555540288787,53.59584718348462,75.40451947241009
2025-05-10 10:05:00,25.992396731687997,70.93959996191951,82.32415619788587,58.91638548808142,75.2082160417206
2025-05-10 10:10:00,27.19465592220847,63.76156374778931,79.80593409989099,68.88715164165174,74.98669514650022
2025-05-10 10:15:00,25.70554916319065,66.46005639690193,81.76661071411289,70.0,74.80883516668696
2025-05-10 10:20:00,27.239542385203045,63.28385350040998,83.80806438945383,58.310349931901165,74.69004234060212
2025-05-10 10:25:00,27.777521312253477,62.90647773548154,81.69804837584297,58.00069731722988,74.44238010968083
2025-05-10 10:30:00,28.0,66.48653930251652,79.78558552555235,60.080832111567695,74.30847316713181
2025-05-10 10:35:00,27.022748758313703,65.13604766541432,86.48997567000598,63.948623033341896,74.17881035441071
2025-05-10 10:40:00,24.0,71.6408498042454,88.23598279213364,54.26411881813589,74.05739225189778
2025-05-10 10:45:00,26.837913760742833,67.35188739280892,77.7990315549926,60.36793882447552,73.9429315929385
2025-05-10 10:50:00,26.64304721111307,68.33197452270224,88.92945560955027,65.56626884299459,73.65863821850212
2025-05-10 10:55:00,28.0,69.5326970364382,79.22913120905318,61.749591666263576,73.40909087926057
2025-05-10 11:00:00,28.0,68.39627542036642,91.20038029353303,62.12436334390067,73.11935307701165
2025-05-10 11:05:00,27.32828852369966,66.15519465340962,81.80152323856929,64.63522703530843,72.89848813286036
2025-05-10 11:10:00,26.923265613106192,64.69777207782317,87.75847555991125,61.500939886981904,72.70978381931683
2025-05-10 11:15:00,26.47949111821894,67.0013190572619,90.87155291995803,57.121278589851876,72.46260367789799
2025-05-10 11:20:00,25.248818876095438,60.0,84.68744103524675,62.97685559350551,72.21368343242987
2025-05-10 11:25:00,27.12194859671959,65.84919365900015,87.49025972281258,60.472362599463004,72.02378406724753
2025-05-10 11:30:00,25.34447988598879,64.49986967448152,83.35645110329553,65.97485911304337,71.85494348106072
2025-05-10 11:35:00,25.75549250524925,60.359746883717925,92.58742608337474,68.62232238438207,71.5979055442726
2025-05-10 11:40:00,26.327688442128057,62.61130617260621,87.34860505697866,57.01192153622069,71.39420148724325
2025-05-10 11:45:00,26.04803421985743,72.27911022166236,86.19674032652301,64.8880338279709,71.19300386900987
2025-05-10 11:50:00,25.351869370940825,60.0,80.29305546382423,63.625925059722185,70.92490730515225
2025-05-10 11:55:00,26.027620620301157,63.636292137293765,83.72470158355601,62.5281890319744,70.77262945037837
2025-05-10 12:00:00,24.984143200182352,70.25237285720497,84.78735457680402,61.814657716595036,70.6501762965186
2025-05-10 12:05:00,26.017730508076497,69.22274890155315,83.08809105716425,59.737830541260884,70.40939515462392
2025-05-10 12:10:00,27.070242460874283,67.92464155682815,85.45199018866661,53.929486595470415,70.21090082175448
2025-05-10 12:15:00,27.649800107468,66.93988856986036,80.15084376870988,61.206462528247144,69.91091098194924
2025-05-10 12:20:00,25.8735776317736,68.62589829617005,83.75280559555515,60.44705487534174,69.61897821714415
2025-05-10 12:25:00,25.30227306892638,68.425352990173,81.12110429353922,64.71284449907282,69.32861878230051
2025-05-10 12:30:00,26.665329310664013,75.0,89.8281222948037,64.24965073782604,69.17512413545217
2025-05-10 12:35:00,28.0,67.15231229280752,84.2296519878711,59.573968190573,68.88867848284391
2025-05-10 12:40:00,26.93060292901452,68.63964126104145,85.62236960438543,59.6099944566433,68.75078376114224
2025-05-10 12:45:00,26.63297042318339,68.35276948034681,85.42939946953352,69.8998504040287,68.52139274216088
2025-05-10 12:50:00,26.45707232598085,65.86915163232766,92.49819316916903,60.83182299797123,68.23630894581241
2025-05-10 12:55:00,26.4702309469623,60.0,93.41849087276668,63.95096627199567,68.00680757083897
2025-05-10 13:00:00,27.762233329720132,69.29666415175923,78.43316357917978,59.20008932443485,67.80937969854321
2025-05-10 13:05:00,26.29416967665477,68.14309196171395,85.89816555972446,63.847253644765054,67.61287531101324
2025-05-10 13:10:00,27.213441141070586,68.60547538709798,85.44242779456896,58.64665332331884,67.40602047700537
2025-05-10 13:15:00,26.578719591612117,70.98881093675408,87.53430735148176,65.98537430432505,67.20347258849989
2025-05-10 13:20:00,27.665175566353284,64.68136104739021,86.03862460032224,58.503061366194984,66.95903983841647
2025-05-10 13:25:00,26.176043947233943,67.7119325712376,85.74867414128782,60.001000677731184,66.8400277712081
2025-05-10 13:30:00,26.735482209037954,64.80063633533773,83.56938970772006,61.27467930173162,66.6270642881806
2025-05-10 13:35:00,27.056924753837535,64.89585814743378,84.14203497528798,56.78681084703951,66.4628882065328
2025-05-10 13:40:00,25.559900989208757,66.64367424480477,82.02642543999018,66.3289977056568,66.16986198045146
2025-05-10 13:45:00,28.0,71.39813613796814,85.47519269984409,61.92434939548074,65.97768489869702
2025-05-10 13:50:00,25.54873811302052,63.35804822950971,89.10265625264384,66.13700788403551,65.79006798985658
2025-05-10 13:55:00,27.61552853402109,67.49140080477862,82.2051704711634,58.7662874644309,65.51275151361621
2025-05-10 14:00:00,26.915707866360258,71.16692201147418,83.49883220872975,62.3850817694134,65.36281207182255
2025-05-10 14:05:00,25.776368940851107,65.47459338824191,86.37845408206694,67.31337107597035,65.1709677904588
2025-05-10 14:10:00,25.308661878534224,61.34545517674284,81.28000976456192,54.465601665732144,65.03508255280222
2025-05-10 14:15:00,26.16025453183358,66.09965346840679,88.81809399575064,61.066483878258616,64.78736288787317
2025-05-10 14:20:00,26.831883416405457,67.04149898300135,87.13338275765908,60.05315722000429,64.57281758281684
2025-05-10 14:25:00,26.471879670602938,66.88891038970198,88.08447701078371,60.47191783865316,64.4110848629746
2025-05-10 14:30:00,24.986014945959777,70.09035570505334,76.26300640592655,59.52664690514952,64.27313318389169
2025-05-10 14:35:00,26.389064480791642,70.60371136959519,82.90592225443142,64.98915832000789,64.03134780111459
2025-05-10 14:40:00,26.098122940029143,70.5582259784026,95.67151077940497,63.478303221439816,63.872583399453006
2025-05-10 14:45:00,26.62799132920917,64.30050531728352,79.57134876336728,61.771331269127906,63.728363217009594
2025-05-10 14:50:00,24.474464665795843,72.44129164214809,90.06719962285634,65.03413427846843,63.502051835076955
2025-05-10 14:55:00,25.82543108086253,69.86438145685486,81.88641094972321,54.14073375186276,63.257825336194585
2025-05-10 15:00:00,26.045488445152692,65.27950143331354,85.80493757245786,63.776227475900065,63.01388374763544
2025-05-10 15:05:00,26.845046858601403,74.0982050937616,80.85798597192833,61.10552840694518,62.86553374729976
2025-05-10 15:10:00,24.903351501593,64.92615440519107,80.16243674517759,63.09908201145609,62.61473336594174
2025-05-10 15:15:00,28.0,65.10063366839478,74.24390158663186,56.78168351934901,62.49705011902121
2025-05-10 15:20:00,25.10701049145969,69.7753530334486,79.15733416802472,60.64453793756889,62.31265631708026
2025-05-10 15:25:00,24.588485618394945,60.74922150599152,79.24278760885511,65.52011497960625,62.15626983978913
2025-05-10 15:30:00,26.560935199787846,67.55876568687678,82.54516968321734,61.99231488016845,62.03411660164553
2025-05-10 15:35:00,27.838621597572807,69.4267403392367,89.91414822552595,60.386841278404205,61.86840539001282
2025-05-10 15:40:00,28.0,68.14815322036699,88.71892434997282,66.82872194832454,61.61838337549336
2025-05-10 15:45:00,27.16143095987672,70.10320293881918,91.00518188918608,56.459745206594455,61.45451862450659
2025-05-10 15:50:00,26.24620101855623,72.73313945018094,80.21378026643538,61.58058856290632,61.17764986357858
2025-05-10 15:55:00,27.809899820858714,65.44546112622555,77.55896759837755,66.38778626195003,61.01798669890548
2025-05-10 16:00:00,27.105683740521577,65.77808224847611,90.4388746283112,58.07714735308662,60.843823479961436
2025-05-10 16:05:00,24.0,72.71243318767027,89.75045759829885,67.1822206153089,60.57403235337412
2025-05-10 16:10:00,26.44917646176674,75.0,87.07164614071148,63.392817760978936,60.295310991869314
2025-05-10 16:15:00,24.92390204718449,75.0,85.5889072028996,59.08441187231098,60.09116052272336
2025-05-10 16:20:00,28.0,66.74332317221464,84.86127736966213,59.51017860730117,59.94140921196688
2025-05-10 16:25:00,24.74894817472052,70.53967910469768,81.54943282927537,59.31314606122026,59.64746559291073
2025-05-10 16:30:00,24.608622991320814,71.11819346000223,81.13286614214353,59.15777885937274,59.39840500391249
2025-05-10 16:35:00,24.95588971710208,60.0,81.25134964390385,64.1208106453403,59.227208884253095
2025-05-10 16:40:00,25.688379663784318,75.0,87.41546788059753,61.12741293165172,58.943229150886175
2025-05-10 16:45:00,26.573175867335284,68.59022791473981,78.49995888268069,65.67545557141428,58.80159369774995
2025-05-10 16:50:00,27.45831670141748,66.63376059023825,88.92815823321544,60.99910635993678,58.54520185583035
2025-05-10 16:55:00,24.97645359728426,72.69628043928472,85.96460048497615,63.983499483866616,58.33077293099032
2025-05-10 17:00:00,27.561551059287627,63.427276154260404,89.29103566190602,60.19438732787786,58.23003486518937
2025-05-10 17:05:00,26.68110313855663,63.74492572369456,90.93331258625663,57.97733002738266,58.005625283687316
2025-05-10 17:10:00,24.933860825904677,71.67464461949866,80.97854046391971,61.89003731039572,57.78739000743361
2025-05-10 17:15:00,25.923025939069653,67.37371212647317,88.36148880267477,66.28501636376782,57.53673956238283
2025-05-10 17:20:00,25.026757525743548,66.32764673588403,81.26773254885991,70.0,57.32170076138136
2025-05-10 17:25:00,26.965776635416724,71.66663414985825,78.05949682905286,67.30050888660308,57.04601771720664
2025-05-10 17:30:00,27.371624187216508,65.60421816140705,84.27819682235746,64.68942555233293,56.899112731564834
2025-05-10 17:35:00,26.780430651451706,73.76581054592445,91.7719341439049,58.575469519722525,56.68058296005218
2025-05-10 17:40:00,24.859616446420567,73.84353407014082,88.14868777786975,67.19644971608294,56.49436253478281
2025-05-10 17:45:00,26.230461882187473,71.60424995393477,89.0495968168955,59.85787403640417,56.394298734806306
2025-05-10 17:50:00,26.67446139084789,75.0,87.73625815460616,59.46929567935644,56.19073654221469
2025-05-10 17:55:00,27.378937802154038,66.55795658683512,93.47159858719368,58.14122828697505,55.984263970906284
2025-05-10 18:00:00,28.0,60.0,85.08756557990357,58.96658031060627,55.75430433865378
2025-05-10 18:05:00,25.5319965399001,68.43544489559497,81.99655713225489,63.40220567179858,55.46017454896879
2025-05-10 18:10:00,25.66138350767195,66.60635154725563,85.586683273426,68.42457409196169,55.218799349678996
2025-05-10 18:15:00,26.506335520078352,62.586806866278536,87.40555360431556,60.670259233740914,55.08525527415647
2025-05-10 18:20:00,24.93065693549291,68.37301856725145,84.0697028141448,66.39146605866063,54.967462900606186
2025-05-10 18:25:00,25.531454425309363,71.15630039296735,98.40250158940454,61.27385186527606,54.79646236639467
2025-05-10 18:30:00,26.710574106541806,71.03453703401225,92.00439887668213,69.34478915742187,54.672969935621296
2025-05-10 18:35:00,25.066927220897146,70.82848454385815,84.4415544000789,63.7009441554372,54.54500605910316
2025-05-10 18:40:00,24.340995601806288,68.39041408885875,78.77098929196758,67.11908716070673,54.319495115043054
2025-05-10 18:45:00,26.157290327330674,71.12363021663622,80.29244902159047,63.25113232464469,54.13404146182842
2025-05-10 18:50:00,26.76097534728617,66.32782314299004,83.72501003610003,64.95893422101632,54.03149337004041
2025-05-10 18:55:00,26.08180846137202,65.61933823641087,80.41924883772667,61.7070907608144,53.84226285921793
2025-05-10 19:00:00,24.994489753508667,67.48967550376913,21.22765620855497,58.393179587594695,53.6256827720011
2025-05-10 19:05:00,26.69952495259381,71.46469274213213,18.884913455663145,58.36478843136405,53.35974049073672
2025-05-10 19:10:00,26.738261809545925,71.85673441585004,18.211616610302407,59.40090836133959,53.25458467903985
2025-05-10 19:15:00,26.74392254973945,71.65786861601156,21.732894782952876,52.11711200375677,53.1007405794314
2025-05-10 19:20:00,25.52857575031406,61.953929390028655,23.716464338773427,60.554825259054184,52.81362006355462
2025-05-10 19:25:00,27.968658332945882,61.864106220901036,16.942678051436012,59.34474337299341,52.69910538389713
2025-05-10 19:30:00,27.195653232014486,65.10805524377815,17.516780527418355,62.5182149408052,52.545569824395855
2025-05-10 19:35:00,27.088671162052627,65.87851393967824,21.4661800601035,62.94586055603702,52.26315632151705
2025-05-10 19:40:00,27.884854989895498,69.26073405712533,17.222007084372706,58.52470008979109,52.0446015824455
2025-05-10 19:45:00,28.0,66.9888604544673,21.789248380860613,56.57606268083465,51.82579938531877
2025-05-10 19:50:00,25.14529225263835,66.73201656754674,17.82751639618515,60.568217613693655,51.60938946894412
2025-05-10 19:55:00,26.42883790529821,66.33783421204971,16.540654921379833,62.62109529717672,51.346369424335855
2025-05-10 20:00:00,26.25454644346501,64.85722753583649,19.408136228860833,59.70606654070464,51.24400921324383
2025-05-10 20:05:00,25.63768396976705,67.66000935592427,25.36138557693131,56.462959249317,51.012387470798984
2025-05-10 20:10:00,27.407242409724002,75.0,21.774116428513164,63.29959674345857,50.831566236031705
2025-05-10 20:15:00,27.461139364505488,72.61880946301635,17.659736543631368,65.09489607904969,50.547489815116364
2025-05-10 20:20:00,26.4382143300405,64.52981599667366,18.551619715988597,62.118774975458976,50.314172142875925
2025-05-10 20:25:00,26.466339224948516,67.20773170372462,25.24921764436244,68.08807307908123,50.19676396589545
2025-05-10 20:30:00,26.69199900939332,63.34832226605021,19.795252089547905,59.49369126030394,50.00779525850221
2025-05-10 20:35:00,28.0,60.0,19.138870530807175,67.95204154883609,49.8128536231598
2025-05-10 20:40:00,25.248204554671243,71.5435367492969,26.103135456618418,66.94597524140613,49.59644322767957
2025-05-10 20:45:00,26.353149372656755,66.72898917710597,13.548943412889672,70.0,49.35753589617
2025-05-10 20:50:00,25.68070270195743,69.16587417481759,21.59408542042632,60.34262140536604,49.161043185305424
2025-05-10 20:55:00,26.86261777703762,66.57836045028027,14.379490507895829,60.326479574233595,49.03136384510569
2025-05-10 21:00:00,27.504447224935944,71.81705757996839,23.077991716566558,63.147460896867535,48.89813104216508
2025-05-10 21:05:00,26.157838484979163,74.75042327905544,25.376863805011563,54.93719453586594,48.62678376725188
2025-05-10 21:10:00,28.0,65.1323598456575,21.20254157628806,57.93288685476982,48.48600547445814
2025-05-10 21:15:00,25.519049598177393,68.54581796762265,19.04196168810175,58.883403455994035,48.29413744628776
2025-05-10 21:20:00,26.926136575543918,70.25851276526984,21.194198606751453,58.71845883937286,48.06124377006916
2025-05-10 21:25:00,26.833300442901393,75.0,18.62589211174164,63.03489000489278,47.88167006106309
2025-05-10 21:30:00,27.38551486324931,64.08160910552193,18.840595401617474,64.26602767206275,47.6663413388197
2025-05-10 21:35:00,26.414813655106844,71.07688193545314,21.642682945519635,66.28684055111088,47.50613881100125
2025-05-10 21:40:00,26.808260958633706,62.35755390812946,18.485200137249493,70.0,47.37299415506309
2025-05-10 21:45:00,26.019069714408435,64.49747500640635,30.383750698103043,53.18948575708933,47.224504763572526
2025-05-10 21:50:00,26.771423048641385,70.94210396036468,19.52785295939929,66.93571060578876,46.982429486689135
2025-05-10 21:55:00,26.070533353908917,73.45044475668475,14.67690526260804,67.06277035337861,46.694872424937685
2025-05-10 22:00:00,25.632844460438438,64.92880309314685,29.413468327497103,65.68763779559647,46.41070227670002
2025-05-10 22:05:00,27.54694591420049,70.71682911486569,16.50362123328283,54.2428830091649,46.309919347346344
2025-05-10 22:10:00,27.0697303307924,69.07154034753496,22.819955411845847,59.88481484363253,46.1821239874109
2025-05-10 22:15:00,24.934172853512656,67.70550690718188,14.247436570702893,62.73100476216595,46.001853954784224
2025-05-10 22:20:00,26.963552156565562,65.99294295728015,23.784090419085604,58.20648111256883,45.858926658669795
2025-05-10 22:25:00,26.92209777677477,66.26529929882213,21.267049338225302,57.666324777821856,45.60506430302321
2025-05-10 22:30:00,27.196604046838285,68.06964151620305,17.945000865393204,62.27133320586675,45.3312200278718
2025-05-10 22:35:00,25.696352291489795,73.38252332801324,10.165825332811094,55.19839106174209,45.10561909071749
2025-05-10 22:40:00,24.98127036857795,68.15852932714817,16.087618661342354,64.28043968350923,44.884127056081994
2025-05-10 22:45:00,27.33906849991367,73.87615786383193,20.862129295250732,56.976030634400736,44.66252759637612
2025-05-10 22:50:00,27.7960480787442,64.27468445622569,18.779622451560865,61.88345798260385,44.5255107004389
2025-05-10 22:55:00,26.80075170281284,64.02453592712196,9.80547643565163,61.767967119485924,44.27896096439757
2025-05-10 23:00:00,25.76991834243203,64.39213006673819,21.406991942593994,61.06570530367743,43.982099722656166
2025-05-10 23:05:00,27.749595335573513,65.83329534243526,17.1640192104099,65.86548833824195,43.845772543968216
2025-05-10 23:10:00,26.434495218728564,65.1290781851992,18.223422464863468,63.233541552231124,43.62899098312489
2025-05-10 23:15:00,26.885675657743587,63.79096088716144,23.875261422635514,64.29516638928403,43.50519403430367
2025-05-10 23:20:00,26.141278655184593,72.03382391654156,13.830762147392264,60.3196484189591,43.38314789747695
2025-05-10 23:25:00,26.817231871342244,72.60385986783311,19.538201136771363,55.26521219040442,43.19951649272095
2025-05-10 23:30:00,26.794125777948473,60.0,20.942638505279554,56.94557355647872,42.91692751188647
2025-05-10 23:35:00,28.0,67.58584703362857,17.702400218585062,58.03473446685855,42.66424423249701
2025-05-10 23:40:00,25.60602559733574,66.71073541397338,21.247186468455435,64.64097662840564,42.42614154442464
2025-05-10 23:45:00,26.562396938894757,72.67030672262732,18.2085993954797,61.48155018269954,42.19978980550894
2025-05-10 23:50:00,25.97419471650305,63.272872112417105,20.329046276087546,62.75312111418582,41.96546931086371
2025-05-10 23:55:00,26.903370493016844,62.597717456195596,20.12042168096639,57.26270084791379,41.6701325154922
2025-05-11 00:00:00,25.860909823532918,71.55508241955384,16.770866808110547,64.0977644098246,41.565113755123086
2025-05-11 00:05:00,27.67430179190871,62.196763357849946,18.53105074420791,63.788290534866015,41.457739693547985
2025-05-11 00:10:00,27.438812983269614,69.68798093991882,12.270778206090087,66.3113104855201,41.28070078107507
2025-05-11 00:15:00,26.657122543644967,67.01128107455848,15.744938426689998,61.03442278376517,41.17562639803642
2025-05-11 00:20:00,27.524775833615074,61.27219908134721,19.303542543948875,64.75968947626023,40.87615110290905
2025-05-11 00:25:00,24.339460646326533,69.60237524475654,6.896983483453836,61.55691157054798,40.58959215005432
2025-05-11 00:30:00,28.0,73.93255538649119,26.594578033980454,67.17944044349441,40.37837147199894
2025-05-11 00:35:00,24.923014609962145,75.0,19.73570496806043,62.060805813648315,40.09124198596054
2025-05-11 00:40:00,25.64310422092281,66.84964840582589,29.077204517406837,66.16858150384523,39.82644248985023
2025-05-11 00:45:00,28.0,65.22626193181287,24.605689736653094,55.771049070726725,39.59835873400425
2025-05-11 00:50:00,26.625321478503484,68.84003431758417,26.215645724086016,59.24983821756849,39.382570159432056
2025-05-11 00:55:00,25.734524317617165,66.77074638716445,21.203518250376344,64.15880212271348,39.2790886916598
2025-05-11 01:00:00,25.427801949114652,66.05765791961453,22.433762642630025,58.5651610603249,39.01872445403925
2025-05-11 01:05:00,27.135192244653865,61.311189972477656,12.425972423449554,57.38865360380557,38.8071195175451
2025-05-11 01:10:00,26.047414002763606,67.75316238770037,18.377709691876717,64.07662005454026,38.53013780449013
2025-05-11 01:15:00,25.935579666480898,63.1940558679623,23.405533083436104,61.4591806875095,38.324117161842906
2025-05-11 01:20:00,25.149513605520035,72.4984945457841,13.854161402794812,64.99966266541433,38.10814077686089
2025-05-11 01:25:00,25.590582510737093,67.40704226266129,26.996005648238416,58.427254627426024,37.8802003882813
2025-05-11 01:30:00,26.567309043280414,75.0,25.507903572033822,62.41210271166054,37.675494958449626
2025-05-11 01:35:00,26.51077373218327,62.53978474805102,12.462778606334906,65.74036124445928,37.421903282575386
2025-05-11 01:40:00,25.42221870790863,68.65955266002366,26.192962129103957,67.56400811321592,37.200801931092265
2025-05-11 01:45:00,25.644759511654595,69.46171535171625,20.885019727547693,60.91677179686984,37.07498379975759
2025-05-11 01:50:00,26.06821744964444,69.31078226902439,17.700023147923858,59.40148369048865,36.823069176807486
2025-05-11 01:55:00,25.895328826442643,65.22727057505249,20.224243049084574,57.064412261089245,36.54345904924131
2025-05-11 02:00:00,27.686365712291916,68.25605060600437,21.32698264408277,58.09884517267873,36.40481389656992
2025-05-11 02:05:00,27.170860014244116,66.9637275717186,12.611815067890412,58.500822791499125,36.28688736570253
2025-05-11 02:10:00,27.136335761022163,64.74153133627257,15.179816860735333,65.29329877550805,36.15532879553796
2025-05-11 02:15:00,27.221836941419124,73.05438844059535,25.443882932332674,68.1236549230631,36.04614775721435
2025-05-11 02:20:00,26.787071743679505,68.14558747488373,8.897499432495007,63.18202806418937,35.91126184515541
2025-05-11 02:25:00,27.673237760377212,64.30206842062069,22.872422526299143,66.77785067411578,35.767611057239534
2025-05-11 02:30:00,24.081891793255274,70.6510920020507,9.643222324967502,63.00432686317659,35.58887230537077
2025-05-11 02:35:00,26.76269495479032,73.84471762616563,10.112482132403,62.84695679170405,35.41575786747832
2025-05-11 02:40:00,26.515369081800113,63.08980680626238,16.36291915530088,57.36917314546743,35.216489993917754
2025-05-11 02:45:00,25.66788506530099,68.66709495857043,9.104989152419096,61.292485853541585,34.991898495691345
2025-05-11 02:50:00,24.402006307659445,67.43040820406318,19.4007052250938,62.63945970294444,34.72615183360031
2025-05-11 02:55:00,26.842911178094138,69.20304531336274,25.13933302620702,61.61186487528312,34.500440367224535
2025-05-11 03:00:00,26.680498768795257,67.79881709377412,22.894192584131407,60.55386777998657,34.39777620732655
2025-05-11 03:05:00,25.146149382025587,75.0,29.725968867182146,67.06706168212489,34.226053728454666
2025-05-11 03:10:00,24.644145780536316,71.96327874388348,21.2815224510615,63.40506157402047,34.11613678610559
2025-05-11 03:15:00,27.103726525001907,64.31578649357829,21.610596014916805,61.91155214069639,33.8475116269291
2025-05-11 03:20:00,27.026571481005504,63.26778979565008,24.60572392778953,65.15232022975593,33.65987159618859
2025-05-11 03:25:00,26.72211837923096,72.15130320065441,18.962058248678538,60.94020598729987,33.38351995741653
2025-05-11 03:30:00,27.43480211785932,65.55567567686997,19.639808623099945,59.84247704115568,33.10351562798297
2025-05-11 03:35:00,28.0,68.86575349999326,16.167487765231034,67.63722477202371,32.855057684767395
2025-05-11 03:40:00,27.26776690882323,65.12867135977552,19.370111246222606,66.97305217397412,32.70884758785943
2025-05-11 03:45:00,25.524425416715175,74.37878852289795,21.84138608931802,53.63211062714969,32.43522847246734
2025-05-11 03:50:00,25.812636139036513,70.16241193192704,16.049422061863634,61.32266795258076,32.24700413272394
2025-05-11 03:55:00,24.730114231208027,67.5352811536538,11.098456133333112,62.595924308456574,31.982577176816637
2025-05-11 04:00:00,27.970135575613558,62.025621978215824,24.937734013699856,59.741449569323514,31.828180858131134
2025-05-11 04:05:00,27.396730977384415,65.09513763155255,22.258649577792237,57.808129547191584,31.609765527416904
2025-05-11 04:10:00,26.784275838179042,66.88789867919473,23.603595284177324,63.91738871576081,31.43451802234605
2025-05-11 04:15:00,27.33530614920066,71.96473534403341,6.014418349436035,60.568449295035315,31.145547813778254
2025-05-11 04:20:00,27.72101376848834,60.0,26.98173325764897,62.94212577629774,30.918646034970802
2025-05-11 04:25:00,27.26894940345649,66.49691766846955,17.394468875193112,59.702269192040504,30.729157704261596
2025-05-11 04:30:00,28.0,64.89979972731705,21.75101514535822,66.19653880693893,30.43349847268442
2025-05-11 04:35:00,27.610373804756374,65.3484916061991,20.993029253236667,63.06709143034015,30.246747557157544
2025-05-11 04:40:00,26.703593287460855,60.868809245849334,26.516801305347922,63.21923751620223,29.999793440524797
2025-05-11 04:45:00,25.431603845895275,73.59723467519692,26.363032369162987,67.01120403681226,29.87037091384574
2025-05-11 04:50:00,25.413498776030494,67.17799231764417,17.315298793828564,58.43948030139669,29.754908046569515
2025-05-11 04:55:00,26.570639525724275,73.5065437062383,23.154520811163565,63.5937238515703,29.503513712561812
2025-05-11 05:00:00,27.20945397675233,61.58547554899467,10.941351415437326,57.626746180674914,29.26599204083707
2025-05-11 05:05:00,26.279425832744746,67.67218060562729,18.768510193740426,64.44863479294463,29.148128763962603
2025-05-11 05:10:00,25.05654397650931,63.4876106458709,15.691218934949166,59.04859791213104,29.000423630940947
2025-05-11 05:15:00,25.690325203702127,72.50336172233054,18.489526909856266,53.68126244002514,28.75038995382287
2025-05-11 05:20:00,27.799723019097236,64.04474491630161,13.012969408967278,65.39159991935229,28.606107682537544
2025-05-11 05:25:00,26.09095507624219,68.25152658560197,19.51386185283969,66.06070651265992,28.412233121412697
2025-05-11 05:30:00,28.0,68.0794203121378,20.53302378647265,57.19662644516937,28.216056127748697
2025-05-11 05:35:00,27.651819627040528,69.43490955592229,26.29067100011995,61.66025322279005,28.026703059055542
2025-05-11 05:40:00,26.347623894248148,65.85066469974336,12.109008860426883,61.66928392649568,27.772878626521848
2025-05-11 05:45:00,26.805632066617868,60.739917054376676,24.066908569455787,56.858603810027134,27.585556935264417
2025-05-11 05:50:00,26.58110141250991,65.50809339024266,24.059228798742584,58.389743321465815,27.363879540040774
2025-05-11 05:55:00,27.693384677622287,71.28806876668567,18.51308194596425,58.48276414541328,27.138039651130164
2025-05-11 06:00:00,26.039681337067638,69.33378545246786,79.65139846359138,67.88892870736973,26.94155463410069
2025-05-11 06:05:00,27.402686052911374,64.31724600126643,93.92286866698961,65.96988823941922,26.782790325480107
2025-05-11 06:10:00,26.4482802226867,70.5841170596365,82.65387917784939,58.84764668287095,26.50000650036902
2025-05-11 06:15:00,26.146366193702544,69.63049076233746,85.96923489927772,65.8680232116472,26.219760540011702
2025-05-11 06:20:00,27.902753447943397,66.6664393819814,84.02449071090632,53.737751276583175,25.96101947115308
2025-05-11 06:25:00,28.0,66.08886134256545,85.77357478247076,58.869094953087696,25.72435425144449
2025-05-11 06:30:00,26.22222135784231,62.82130678357306,82.79736412077273,55.49679853843617,25.47961088008068
2025-05-11 06:35:00,26.199553720471734,65.41820174326142,93.03144882895334,70.0,25.214798836481496
2025-05-11 06:40:00,24.714481355216137,62.46056896302974,81.42128506037157,66.4464002667435,24.916687416150737
2025-05-11 06:45:00,28.0,64.7604627901978,88.51330463861954,60.945926224098415,24.803503899864666
2025-05-11 06:50:00,27.242484949989485,69.57473747171106,87.36031810295479,62.09061757323544,24.5868959167729
2025-05-11 06:55:00,25.483656418460676,70.78078918212525,76.58359044817755,62.85866153381279,24.46204640423861
2025-05-11 07:00:00,25.03199011908122,67.60484828796962,95.57047091374308,56.73919949461738,24.272856128378844
2025-05-11 07:05:00,25.732718017485755,67.72503931688836,89.85793868680251,57.84670771245323,23.980841407362593
2025-05-11 07:10:00,25.086036707287814,68.01053058769179,92.5238929508193,58.98804622385572,23.803765644008447
2025-05-11 07:15:00,27.17673570429494,70.67291635750827,87.60660230807714,61.433385446404536,23.552174571350015
2025-05-11 07:20:00,24.21485854015492,63.12495377845282,86.17523355390017,56.47424275817964,23.32894717790138
2025-05-11 07:25:00,25.115195130036135,67.63006205767599,79.67090061815107,59.80348103101986,23.069680132295773
2025-05-11 07:30:00,26.783178079719697,67.01108817483242,86.99559004622537,63.55541665347688,22.93339645806424
2025-05-11 07:35:00,27.916554352893208,73.69126318657055,84.72793296835607,61.580456227942825,22.802606316579876
2025-05-11 07:40:00,25.627284234492546,61.36464694253906,87.72243199637109,66.88005883154521,22.60220174288452
2025-05-11 07:45:00,27.272268766697835,66.19427700335777,88.15387221694955,56.2066588684724,22.479989822182034
2025-05-11 07:50:00,27.81803507516186,72.5388309259631,86.21252277437614,61.016518915412064,22.245003370167495
2025-05-11 07:55:00,27.192527177035366,74.05412192368657,81.68058445059134,65.53709026560965,22.06393058578437
2025-05-11 08:00:00,26.27479247728526,70.6891459330928,87.16143802327332,57.217015647289045,21.897779215214783
2025-05-11 08:05:00,26.585990403321812,71.72239893267222,79.49804965143665,63.32650967195937,21.783887763924195
2025-05-11 08:10:00,25.10779825639106,61.132472732258876,84.81589255488535,67.63013572899496,21.524231992324797
2025-05-11 08:15:00,26.968858503975703,60.0,80.2680886566423,61.248687357769136,21.269578643717967
2025-05-11 08:20:00,28.0,72.60743162556214,94.7080188984485,67.9721876503393,21.09239052398713
2025-05-11 08:25:00,27.866726604772715,62.95250965835713,82.52146270435179,65.39958382102387,20.845228999680955
2025-05-11 08:30:00,27.13605637419287,65.92109908978807,86.40907770667069,59.68951066153321,20.553913876388073
2025-05-11 08:35:00,25.020107641617013,67.23558023068742,80.88029238528185,69.20815840294594,20.30966950302542
2025-05-11 08:40:00,25.950382337403894,71.6499314763977,76.45943293027692,67.15015823532265,20.084510581157957
2025-05-11 08:45:00,26.69431102944296,71.50523938294552,79.23461421250252,63.964527636527876,19.835653133968243
2025-05-11 08:50:00,26.414827504377328,73.86640650159845,88.41289074808236,65.7798178142811,19.591715013674648
2025-05-11 08:55:00,26.584602058463968,67.9048019268221,86.34716631836645,61.34127988390761,19.389205798459635
2025-05-11 09:00:00,25.718880933127572,63.46087708956473,88.36967677790584,61.82433444043207,19.250777680892398
2025-05-11 09:05:00,27.656476907519732,70.12940640751106,86.17407678116777,60.51563964035545,19.058292394530195
2025-05-11 09:10:00,25.764133941018798,72.88993164104961,82.6306460318428,62.561022952524254,18.90152441950125
2025-05-11 09:15:00,27.697326554547423,68.46595862838049,85.83924721303406,62.933564793659485,18.795291892782732
2025-05-11 09:20:00,25.867995350402182,73.87194633110326,79.02694498243753,67.21914681679483,18.546748028129414
2025-05-11 09:25:00,28.0,68.97623628833138,71.64745405788739,57.55003322157249,18.28168839151919
2025-05-11 09:30:00,26.585511683852403,61.49866674433677,87.40228590865294,57.00913746651451,18.13823498008785
2025-05-11 09:35:00,25.098548628023824,71.2979154598448,84.09298614426261,67.65170738024011,17.972686364677692
2025-05-11 09:40:00,25.82480418904422,72.57889761193383,84.27900634621646,54.92541558622468,17.872021187087167
2025-05-11 09:45:00,24.574585418527256,67.95938949854603,87.64703946248912,70.0,17.762956318041173
2025-05-11 09:50:00,26.17381804372253,66.1694464720468,89.52353964377289,64.52003845876314,17.612532604701595
2025-05-11 09:55:00,27.154457182453438,75.0,81.19856119318472,57.9692605589911,17.361807683726518
2025-05-11 10:00:00,24.865613421168074,66.86125599462015,88.66408538286623,57.67227114431122,17.23070609076119
2025-05-11 10:05:00,25.028970213449174,71.53693538477418,88.88332289667062,59.374469971411976,17.026175522805183
2025-05-11 10:10:00,24.644695307180488,65.01526717031504,88.04940485664125,57.373782971715734,16.878849291490283
2025-05-11 10:15:00,26.636062285183666,69.21727085824429,72.64412699214935,58.98364879314381,16.766101424641224
2025-05-11 10:20:00,25.033452569680794,64.3732211548419,81.95764238754357,67.0790586772099,16.495171127936928
2025-05-11 10:25:00,27.468156367498363,69.50854441117309,84.25217399333977,55.397351791337215,16.263680395763025
2025-05-11 10:30:00,27.10505320552701,65.78216964685176,89.20110388398676,68.31528635013838,16.04246420334373
2025-05-11 10:35:00,26.52479363516085,67.37127670726395,88.12357864381126,55.51855342949375,15.776988135278991
2025-05-11 10:40:00,26.901346606257064,70.06426560061774,83.17352767613214,61.94028184634429,15.578515839307478
2025-05-11 10:45:00,27.67089203754197,64.50773811970338,95.0335343500596,58.20702190603521,15.442521163059395
2025-05-11 10:50:00,26.383825620590205,75.0,88.28167474573247,60.403632227501106,15.283374571569933
2025-05-11 10:55:00,26.122535726270943,71.29808019406762,89.52334901970012,60.85936116162005,14.99780900231525
2025-05-11 11:00:00,25.252039486912423,75.0,85.77174191270122,66.52817478674503,14.792809074949858
2025-05-11 11:05:00,27.927133498571642,68.0930036279161,84.00252836494327,65.21907425106068,14.657342354738715
2025-05-11 11:10:00,26.89400781283138,64.33173359550372,84.20317188209688,63.45124232202643,14.498657655676151
2025-05-11 11:15:00,27.100221211478214,73.1816539498561,87.30318745430868,66.91135604523635,14.275544385258126
2025-05-11 11:20:00,26.34089134967032,69.97591046599828,92.10641324559589,57.810842566774504,14.023127791568852
2025-05-11 11:25:00,26.03581316301367,64.48139036134012,89.28076831519925,62.22507910887337,13.862710873466385
2025-05-11 11:30:00,26.70609282854564,65.26072026149136,76.36458947420667,64.6800799749139,13.761671976973625
2025-05-11 11:35:00,28.0,63.1516197846065,87.4265204796921,51.52884983084002,13.487996358023361
2025-05-11 11:40:00,24.367080842204064,65.46153054169113,81.3206551362872,68.63334954591167,13.209521566693255
2025-05-11 11:45:00,27.723932831128014,64.15292905090365,87.32221709853158,66.66651843678675,12.94654055220147
2025-05-11 11:50:00,26.900609928089178,72.45676264978646,85.40242390692222,61.40795892482249,12.824743060336726
2025-05-11 11:55:00,25.909425855586907,66.16745229331612,92.61216055697176,66.96711269754492,12.539772373253616
2025-05-11 12:00:00,25.746027586999947,71.81849781343611,92.65295191664619,63.841015963673385,12.300369196288424
2025-05-11 12:05:00,28.0,65.08941394866297,90.91270419337357,70.0,12.028985782543815
2025-05-11 12:10:00,25.62466336769165,63.978328062886376,85.20024088885081,68.57253846412644,11.884196816885106
2025-05-11 12:15:00,25.663716090636978,67.90415210149408,84.70217467143964,57.88209057813042,11.610876806264487
2025-05-11 12:20:00,26.132577177744466,66.31461764029456,81.82293381907195,57.18014926921854,11.328317635758049
2025-05-11 12:25:00,25.614935372720037,66.21545587613873,90.87090440138,65.95152275574058,11.047998769692901
2025-05-11 12:30:00,26.748220225340926,74.45721847448928,88.5294136593999,60.320071232334485,10.814736573223884
2025-05-11 12:35:00,24.866498163871405,62.83835691183156,87.10479986441206,61.78693827543243,10.55560904119906
2025-05-11 12:40:00,26.42894093655618,75.0,83.60827586294164,62.1736400317396,10.324258657940208
2025-05-11 12:45:00,26.35131764673468,67.1979792671141,83.00958565458257,61.91456685997522,10.103369088934535
2025-05-11 12:50:00,26.158694319418007,74.14644354465746,88.85133895240985,62.73636362950375,9.910691699000337
2025-05-11 12:55:00,27.458523141492506,68.00148995053009,81.91127137841738,59.64706053863811,9.805565287616071
2025-05-11 13:00:00,25.43219493945049,71.26344716162646,83.26064386521615,61.507481795151826,9.679962513093402
2025-05-11 13:05:00,26.764346732131592,62.49559630985722,85.94682460720621,68.23845342853645,9.515193404300003
2025-05-11 13:10:00,25.221575844995957,66.80571516583038,82.4557295704482,57.14394231033028,9.376542143560977
2025-05-11 13:15:00,26.651075074236466,67.85761869337182,88.6147823120557,62.161013289396884,9.146287160529878
2025-05-11 13:20:00,26.536592852042634,65.11864568608048,84.35190838089501,53.50883928576482,8.923559604648887
2025-05-11 13:25:00,26.84941275778852,66.52689399584922,82.7004671043578,56.52407485270312,8.80723885827469
2025-05-11 13:30:00,25.616789525452045,73.90322995563254,82.05578167079014,66.73016341258563,8.509253222344212
2025-05-11 13:35:00,26.15667645879174,60.09464535543991,84.47788504337683,67.31229326757828,8.383312907504857
2025-05-11 13:40:00,26.74090628445078,65.88994329492637,78.37023686933178,70.0,8.089685730325185
2025-05-11 13:45:00,28.0,75.0,82.56155506669943,61.06941060367235,7.872728605464023
2025-05-11 13:50:00,26.592978986623248,66.02191810966814,85.71145318511758,62.90337323402403,7.655832273006935
2025-05-11 13:55:00,24.855089976927577,75.0,84.9805177758114,57.974514664634775,7.482450099270873
2025-05-11 14:00:00,26.321716792606637,75.0,89.07116453832225,61.815096278648795,7.2488132820507385
2025-05-11 14:05:00,26.486230771821017,75.0,98.07276702380912,57.34870591822468,7.109390320943892
2025-05-11 14:10:00,25.713333018724587,60.0,88.25480690653067,67.86044687643604,6.871356291645355
2025-05-11 14:15:00,25.740531688523514,65.27890298551662,84.19957183987145,67.56166957773024,6.629787671726541
2025-05-11 14:20:00,26.408733999420523,68.98660001669406,88.33108288775617,57.23548507801698,6.445147908129406
2025-05-11 14:25:00,25.91993757425647,61.76026894754179,87.02801289569697,63.111846732838465,6.183977209564313
2025-05-11 14:30:00,25.726987009839497,63.68005876909944,80.78794824144586,63.691838361656586,6.010882900416897
2025-05-11 14:35:00,26.28910027882084,63.76670839036717,85.47870603128221,66.37687278667636,5.88143169746825
2025-05-11 14:40:00,25.462806456825085,63.459187720288874,88.16194441491187,54.4279143463378,5.70831749426644
2025-05-11 14:45:00,28.0,65.93897484409918,89.34807810464743,65.76594379306619,5.570706437921655
2025-05-11 14:50:00,26.359323498250298,73.10295660274733,80.6754818519001,57.37673564258271,5.359311876412267
2025-05-11 14:55:00,28.0,61.79301227929129,82.7330378895054,59.127061049375456,5.083233793262788
2025-05-11 15:00:00,26.57079119580739,75.0,80.13817767711954,58.202180459384095,4.796418754868435
2025-05-11 15:05:00,26.953791356205215,64.75207812846783,84.94061417682398,63.663242417437885,4.672525970842476
2025-05-11 15:10:00,27.040320884445077,61.90842134334453,84.29581520787919,55.79459198712901,4.495200100336084
2025-05-11 15:15:00,26.990186892723713,68.8489882435962,82.4838022937963,66.9404885316165,4.332733407714937
2025-05-11 15:20:00,27.953606249442913,71.70806353425955,91.56654004067637,59.27478591409486,4.115847325317771
2025-05-11 15:25:00,27.465805742161756,61.033641073453474,83.11170866464687,53.208968166822004,4.000402527430453
2025-05-11 15:30:00,27.443756856610573,65.33844585827849,92.547364144823,51.81177606208282,3.881877758896994
2025-05-11 15:35:00,26.88217387636942,74.95703112545836,81.47582986210155,64.60285883696324,3.605414092187457
2025-05-11 15:40:00,27.507384973497253,68.12658097501911,77.01791217000718,66.46305901980337,3.3585654882779523
2025-05-11 15:45:00,27.822889825664493,65.88467125096038,85.54227621528138,64.35710124615423,3.106434120785918
2025-05-11 15:50:00,25.369273376336892,61.74667541056712,93.92309057261687,61.4929635778198,2.9458940985741955
2025-05-11 15:55:00,27.649063519316332,67.87311018618126,74.54054109488128,57.053109253539645,2.691005485814386
2025-05-11 16:00:00,27.179558001992977,66.2762125966317,79.84419196108381,65.55352717436271,2.467445338718009
2025-05-11 16:05:00,25.223367683547092,72.91141513481998,90.08470355736074,57.675491751383184,2.3157314958125683
2025-05-11 16:10:00,26.683519203100698,70.2151138652635,90.54020072912807,52.72645076546361,2.119815864535907
2025-05-11 16:15:00,26.143088190445344,66.2728078788856,87.3555149366312,54.740728891713694,1.9077261935347796
2025-05-11 16:20:00,25.298214036937853,74.49019908944227,81.8168292806014,56.866913714436706,1.7415243547061607
2025-05-11 16:25:00,26.701913822414504,67.8966223275691,88.40160275202663,70.0,1.5837793806273128
2025-05-11 16:30:00,26.297973886949787,75.0,86.56374013554883,61.589329727110446,1.3331094975562294
2025-05-11 16:35:00,28.0,66.52557807820345,89.74676377293359,65.72363724071506,1.2301621431102026
2025-05-11 16:40:00,27.450043181748892,62.3241528690105,82.40731278516702,65.5860107937632,1.0014978654185458
2025-05-11 16:45:00,25.59566722911059,64.4302214709153,83.08416983226651,60.55115008404974,0.8639457531725656
2025-05-11 16:50:00,27.27729943529177,71.12014015085464,92.01777127761675,58.104228360789705,0.6069047535064653
2025-05-11 16:55:00,25.03944573900561,63.341835809692846,80.71002448231916,57.40873009287193,0.41576061553203303
2025-05-11 17:00:00,25.73683723544092,65.69774632431461,81.5865398823192,66.34537315292098,0.2834908673472497
2025-05-11 17:05:00,25.487368906611987,62.30600740824047,80.47336130400551,60.64395275338273,0.10676240948891097
2025-05-11 17:10:00,26.227180201132217,65.9785578200575,78.37702964599873,56.228251025377475,100.0
2025-05-11 17:15:00,26.751730656320948,67.41009239369144,82.42307476545403,56.5377681121526,99.8153906815756
2025-05-11 17:20:00,26.760588029259747,72.38057663362419,86.17868484804315,64.58027198746223,99.57494998602168
2025-05-11 17:25:00,26.102019820072616,70.36817350063568,78.6215007890548,62.80186873543332,99.29703742726795
2025-05-11 17:30:00,27.2867678299025,75.0,78.34909626767539,64.98112218628712,99.15425165224568
2025-05-11 17:35:00,28.0,68.60256885357674,80.41385842323258,64.64047327887855,98.91169022440435
2025-05-11 17:40:00,26.619055225935146,66.18665786876306,84.89918268634287,62.85937717807123,98.68477185468758
2025-05-11 17:45:00,26.20808094068995,73.46136060037959,84.61436156651314,58.59621106123811,98.43163802860573
2025-05-11 17:50:00,26.543267014537367,71.10250321031351,79.54084236013642,59.03767056677812,98.22161463635089
2025-05-11 17:55:00,27.20079838013966,67.69306381559561,84.7248961134192,50.0,97.92541303120677
2025-05-11 18:00:00,24.790202845354848,66.17015258603158,80.61464051487204,62.29298299724071,97.8004888683541
2025-05-11 18:05:00,26.965970788686008,61.35669682122709,76.70266028612454,58.35993200427345,97.57736403604285
2025-05-11 18:10:00,25.760916010873302,62.93870732043709,81.06169649172166,67.07489576609997,97.47656531236719
2025-05-11 18:15:00,27.824794461816037,72.14826364359233,86.63379957804594,58.96468883507698,97.350871475434
2025-05-11 18:20:00,25.09338549766125,61.002225998368715,85.41737726870167,60.697004789675844,97.17940390199236
2025-05-11 18:25:00,26.19040839277599,68.15750611324034,88.41323875399459,63.358788246720565,96.98884773265965
2025-05-11 18:30:00,26.069547667391348,69.13960234723899,81.43094794847039,60.3444358842021,96.75295403042537
2025-05-11 18:35:00,27.02451957458163,68.53254330030924,85.39280965793853,70.0,96.62938994662782
2025-05-11 18:40:00,27.510058903932705,71.0834188971804,81.6908028321324,65.11841711113495,96.44511155305362
2025-05-11 18:45:00,26.729030662169475,67.59384956271118,91.85476074524374,60.21200846909243,96.32436968855407
2025-05-11 18:50:00,24.096153024891475,70.42665933446231,82.89774240603823,56.63757918912582,96.21723954091127
2025-05-11 18:55:00,25.536422694414366,71.76201253829863,89.12696620186541,65.61723212056503,96.05996270803959
2025-05-11 19:00:00,26.445927290035925,74.20211327492552,22.25094557615283,66.78776174349622,95.81278933104159
2025-05-11 19:05:00,27.47133453312229,69.47694790665025,20.744647441976856,65.44540591713202,95.63005587536449
2025-05-11 19:10:00,27.446247185168207,64.05119446552278,19.952054474211995,70.0,95.52724017195324
2025-05-11 19:15:00,27.69068338443885,70.56992112233634,19.200510858546505,67.38130174999108,95.41004158584094
2025-05-11 19:20:00,26.622827041521518,72.00027084373473,22.626594421376975,59.93054670012817,95.17434038772977
2025-05-11 19:25:00,27.64621902768741,69.68231509755188,18.68340342634836,62.59865204564334,95.01708022442598
2025-05-11 19:30:00,28.0,64.83837343840898,16.26473071969832,60.34570632740934,94.8459528643802
2025-05-11 19:35:00,27.87745937311234,63.76036930921558,23.485758298706678,54.99389290683001,94.66007852788101
2025-05-11 19:40:00,25.619276338109465,63.002811449653215,26.442680006609134,62.599364661294594,94.37115035245708
2025-05-11 19:45:00,25.015691355212283,72.18919439367117,19.903697392789056,63.400420372827924,94.26046006657832
2025-05-11 19:50:00,26.002228816520056,74.16099676889843,16.82874418200435,67.22833244255646,93.97300741282083
2025-05-11 19:55:00,26.48403808738329,69.62577000039339,20.07385876526251,58.967648318878915,93.74594480069655
2025-05-11 20:00:00,25.591831212948666,69.19003755730249,33.072159230828504,59.00632597519973,93.62886980851091
2025-05-11 20:05:00,27.504889495936112,64.99989586492465,23.18398326869183,64.07189415049884,93.45417884984661
2025-05-11 20:10:00,26.921380555710197,72.28327012395675,14.808271689054468,70.0,93.34763491039529
2025-05-11 20:15:00,27.17749619206649,67.22783471895112,18.947397675905123,61.843110480827065,93.20183214973764
2025-05-11 20:20:00,26.739056542306333,75.0,16.809814765572405,60.01932400279464,92.91922222567143
2025-05-11 20:25:00,27.2279893953335,71.08209944817698,11.91337486193577,61.90561159631336,92.78678168785883
2025-05-11 20:30:00,27.853052528796255,70.01365573770555,19.47452004128968,61.76522327007446,92.53906775319932
2025-05-11 20:35:00,26.386293072700568,71.28495049083688,18.212405666146918,59.24600464039442,92.23959230005511
2025-05-11 20:40:00,27.035552131256317,70.2469137723209,16.173147274406656,68.66067720815242,92.04322344250872
2025-05-11 20:45:00,27.246536675359515,74.98122519332021,23.312749609137285,63.002037336968606,91.84318175207804
2025-05-11 20:50:00,27.0016029605533,67.71126388628345,19.363512408485843,54.809023408544604,91.6729822492784
2025-05-11 20:55:00,27.195247617273296,73.54312040251034,20.932038434517384,59.53164461223997,91.53571956390076
2025-05-11 21:00:00,26.2461165791626,64.55422386488183,27.725275991591463,60.632830067312135,91.37433128139318
2025-05-11 21:05:00,26.62645254665329,66.75739161878921,11.946268899615621,67.15078548064888,91.15328597534092
2025-05-11 21:10:00,27.1517614918232,69.77170521411908,20.203237713914625,57.4620655627235,91.02251209906471
2025-05-11 21:15:00,26.851507032523397,75.0,20.473585634052554,66.30980550279152,90.86778274058048
2025-05-11 21:20:00,28.0,60.0,22.812639482630836,54.83566755253999,90.59288013239697
2025-05-11 21:25:00,27.850932380115342,67.01462266601506,17.398134050425124,56.3151569548978,90.39218178680541
2025-05-11 21:30:00,26.821407648665907,64.04622294788857,18.37012376784036,67.89431683013274,90.2030083958717
2025-05-11 21:35:00,27.966852404043806,75.0,13.62271861130898,60.43386173262183,90.06329261609937
2025-05-11 21:40:00,28.0,67.38469703136933,23.776143247963173,58.935625153604505,89.92790139610224
2025-05-11 21:45:00,25.89536887717479,71.29231808250465,23.016357193292144,61.77116023774597,89.73039201638497
2025-05-11 21:50:00,26.650479702301833,75.0,18.59482655238933,59.84286954363521,89.54672801106425
2025-05-11 21:55:00,28.0,75.0,21.42304798500142,62.22411966855351,89.29388018973032
2025-05-11 22:00:00,26.703665013136032,67.83833182288593,16.990212107515973,63.00390456772338,89.08637652063305
2025-05-11 22:05:00,25.55114835324385,66.35250072867727,22.603696041343568,65.15347093935443,88.86465751736965
2025-05-11 22:10:00,26.660049459620662,69.59117014828752,13.21584192949397,56.81094236047345,88.62619207954347
2025-05-11 22:15:00,25.972840453233857,67.52413603574767,16.228571673502433,69.63524958906424,88.37598087811213
2025-05-11 22:20:00,26.313874544769174,69.91354104844517,12.263842545488721,62.4333356894298,88.2137602127524
2025-05-11 22:25:00,26.281161055518155,71.10561549288653,25.7958980352406,66.87988642637404,87.94380193561152
2025-05-11 22:30:00,26.31256619793758,75.0,23.101756341276165,70.0,87.766867940051
2025-05-11 22:35:00,27.242402147936616,65.15616201599597,18.53836963516807,58.283846548271775,87.59555160395375
2025-05-11 22:40:00,27.378005466690695,70.81691372357692,24.46825447806028,62.09516121690054,87.30141848106726
2025-05-11 22:45:00,27.978695641386995,75.0,21.081987181001832,58.56815297701318,87.1992344203211
2025-05-11 22:50:00,25.20780838434929,70.40032068927182,25.408441032379017,55.50137765250487,87.08464629136888
2025-05-11 22:55:00,28.0,73.69838574716796,24.07039765072268,61.420687982424134,86.83648403331301
2025-05-11 23:00:00,26.91469679073296,64.03373143216677,26.793024480943206,64.4101465081807,86.72469190021252
2025-05-11 23:05:00,27.493853380610805,66.97551111752442,20.293584638126752,63.018239019670666,86.61554217278777
2025-05-11 23:10:00,26.815036233298443,75.0,15.788600556234995,68.40984779067043,86.50300523026331
2025-05-11 23:15:00,26.230758361035992,68.99759774659475,23.275911744238705,57.86792023237781,86.25472311796266
2025-05-11 23:20:00,26.300554839127496,71.17663164963851,27.330903180325556,60.57400726010492,85.99509661215922
2025-05-11 23:25:00,27.04655409849244,67.21850328116626,27.81901775669212,65.46677799157197,85.75822238105215
2025-05-11 23:30:00,27.142650179905807,61.658062752389405,22.348956964289002,61.4485102515298,85.56718235174428
2025-05-11 23:35:00,26.834774413285782,68.63227103358888,13.678968079491785,59.335400344105096,85.29252132987091
2025-05-11 23:40:00,26.157801767972302,71.58771593494637,18.93258594794394,57.88946461671094,85.00321056052474
2025-05-11 23:45:00,26.918762577772544,68.82077053111095,21.21945558980181,64.05594160366732,84.74919114260447
2025-05-11 23:50:00,26.851273868933713,72.9216991085081,20.162648608813175,60.628262936568106,84.63657453115007
2025-05-11 23:55:00,26.732960217710993,69.17179344542507,25.782243736807253,60.586989066877535,84.41318212530955
2025-05-12 00:00:00,27.485424463572006,69.59553087991067,23.71498484737743,60.89361506949031,84.22540426924941
2025-05-12 00:05:00,25.90246303309037,73.96822000700287,19.11334367506842,62.86045281962659,83.956875852922
2025-05-12 00:10:00,26.18132614743864,72.48599226403708,16.319393452593797,61.01973512688285,83.74375529651327
2025-05-12 00:15:00,27.271360062141007,69.39482958008816,12.406500716000577,59.99059992897439,83.61330907113678
2025-05-12 00:20:00,25.701923460350162,66.15488679782483,26.100656716695823,59.12854285746026,83.45343147318674
2025-05-12 00:25:00,26.218344533454566,73.89866654214505,24.933438631908338,61.49918589499137,83.24483353177764
2025-05-12 00:30:00,26.080155486507557,61.63134578548392,29.8889725101807,69.66720092062549,83.07334229630584
2025-05-12 00:35:00,25.83976186162139,75.0,23.18672681695412,59.19457594429094,82.85825862333043
2025-05-12 00:40:00,26.9205636592127,73.50856018237684,12.08890031598116,62.678426068599805,82.74073925939989
2025-05-12 00:45:00,26.735161336494166,63.201963788261324,24.585406764046347,61.16199110793047,82.60883148726441
2025-05-12 00:50:00,27.338085663636512,61.42619961489555,14.912875173230772,59.88323997741508,82.36739520417568
2025-05-12 00:55:00,27.97136450722675,61.01917602804329,24.215265608232556,55.29334603107024,82.16401117362209
2025-05-12 01:00:00,27.31224271582923,64.81898559895245,16.04676681878323,67.65781694316006,82.00332043194302
2025-05-12 01:05:00,27.200246176220848,71.97531370838779,15.728239419336337,62.10307563600519,81.85983378915816
2025-05-12 01:10:00,25.819450820858478,67.19452325782673,20.20036429100305,58.954241578156655,81.60019353865508
2025-05-12 01:15:00,25.278541294140055,60.79881349677851,21.263489493946654,63.46549992444995,81.33699109513248
2025-05-12 01:20:00,27.025601064877,68.97849025237093,29.143362905436405,55.01506955683949,81.1105016131578
2025-05-12 01:25:00,25.965552835415806,67.03854332490106,30.207750204212118,62.28098059369254,80.8659952864923
2025-05-12 01:30:00,26.849327395335802,70.08480959256772,25.732823778455696,55.097202047963144,80.72090029955851
2025-05-12 01:35:00,25.73207538483116,70.23856638140974,12.709484840776614,60.618400885184556,80.50774316687921
2025-05-12 01:40:00,27.015457690383588,72.9227565418618,15.891420035804575,58.31981106104119,80.33918723922264
2025-05-12 01:45:00,25.93349691280349,65.95725674567142,18.24796970482002,68.72974999327826,80.18867466939386
2025-05-12 01:50:00,26.286233731897816,64.17175031180827,25.58014546354811,61.40080363789319,80.05089441089237
2025-05-12 01:55:00,24.891177276297903,68.7036959923676,19.407116049297265,69.51729475372822,79.89583627931786
2025-05-12 02:00:00,25.779250277588268,73.33002546805767,17.235336237897293,59.97334325484414,79.78081341413878
2025-05-12 02:05:00,26.198241788676434,64.25400086924691,21.541372123932465,56.70817363603993,79.66126465519963
2025-05-12 02:10:00,26.221589449748148,60.0,17.304206977138193,64.85163645818314,79.4558850976358
2025-05-12 02:15:00,24.80577840203375,67.11267578622628,13.544753056988156,66.32113452204814,79.20544674528819
2025-05-12 02:20:00,27.150533760157014,66.81048478759874,26.497273518117915,66.48321532651502,78.92867477260592
2025-05-12 02:25:00,26.11526038926525,66.47166273869867,19.218759906243058,55.264376975811736,78.64088360878343
2025-05-12 02:30:00,24.86118449963109,68.71460030640395,13.991360728061395,63.01566872843224,78.53364659796796
2025-05-12 02:35:00,27.655819487846898,65.49724543162073,13.527267400971919,65.32050025877174,78.34134118249543
2025-05-12 02:40:00,28.0,72.22963975296209,16.190985533514397,66.14607977298957,78.19869067378147
2025-05-12 02:45:00,26.684860589380836,71.6728307439179,22.84754656051276,62.09023228582773,77.90010917544542
2025-05-12 02:50:00,26.314692803875573,64.0526787918506,23.447204251072087,59.92109010108196,77.70652502115183
2025-05-12 02:55:00,25.384348293863603,69.42702564748198,15.095543995484597,62.24841042014254,77.493615301417
2025-05-12 03:00:00,25.701118788525537,75.0,27.89115927847217,59.36256362405387,77.32809611490208
2025-05-12 03:05:00,26.690136525797865,63.20214567061792,28.15288660654782,59.56254002864726,77.10489487002457
2025-05-12 03:10:00,26.83325790265388,60.60032445990128,27.95083591137162,59.76147937772726,76.96130180662209
2025-05-12 03:15:00,26.649868908591053,69.30790273862135,24.714718997262437,57.63954233786156,76.72182395870567
2025-05-12 03:20:00,25.96133676754264,66.46165548590893,14.23460068205535,56.676127854106866,76.59691181655641
2025-05-12 03:25:00,26.054632302579588,73.42218925158106,18.126843019965154,66.5129470055212,76.4871786082498
2025-05-12 03:30:00,27.741012935736617,70.20965401565378,14.421679695463679,69.78563838391203,76.29138361012681
2025-05-12 03:35:00,24.028455119108372,63.8790288968999,26.371907813446033,66.10068608796838,76.11110045548791
2025-05-12 03:40:00,28.0,64.15743716115128,23.15806334291755,60.20714977220459,75.94776202788385
2025-05-12 03:45:00,27.217248931347097,63.79961673321762,12.967535345118245,63.18145335109309,75.81907732325577
2025-05-12 03:50:00,24.661062155361837,69.2045837197044,10.307464296397367,54.24560787517359,75.71004676948246
2025-05-12 03:55:00,25.884481715083755,68.51851754867877,14.012531069232175,61.83129855327107,75.5355955534453
2025-05-12 04:00:00,27.879978691648635,61.39810489215388,13.60444083971981,63.393922468730736,75.29585042521374
2025-05-12 04:05:00,26.283985121933387,64.37733970204211,23.23234564723289,59.905180412883915,75.15991750582967
2025-05-12 04:10:00,25.66191193349693,63.13370359078858,21.677699364449964,63.87437061728317,75.01934300826734
2025-05-12 04:15:00,27.075813729846377,75.0,19.00008293518657,62.362808432565856,74.91153166433155
2025-05-12 04:20:00,27.23713564369101,65.25979149525426,21.419696735502896,67.56898060444583,74.7299574936133
2025-05-12 04:25:00,25.456364381519684,67.41621164029047,13.76597084579998,65.88666976107521,74.59179038816363
2025-05-12 04:30:00,27.99432557820754,75.0,19.664780072903007,59.11926308659454,74.3615273280853
2025-05-12 04:35:00,28.0,65.01663471546178,10.525230079429829,64.25205674794984,74.09853351720592
2025-05-12 04:40:00,26.118785678989223,64.03247751354378,10.398520684363756,64.05150121417239,73.81293782154141
2025-05-12 04:45:00,24.386970366591953,71.28832519701587,17.865718301939808,69.74212346831082,73.55103929047853
2025-05-12 04:50:00,26.91557640349487,68.19954137721814,28.717702186520484,57.51827389428646,73.30702744904816
2025-05-12 04:55:00,26.455551034823444,72.54069915129037,13.362624680196822,68.633196132791,73.07297145490409
2025-05-12 05:00:00,24.898333378354714,65.76278555977218,13.751259829219423,67.30803934093387,72.81606577324044
2025-05-12 05:05:00,27.10213492148122,73.0367201550125,25.26466649387888,67.50764179605812,72.54631098084315
2025-05-12 05:10:00,26.782881495033738,75.0,14.047392715680783,58.2666329896112,72.42499689997993
2025-05-12 05:15:00,27.703857710987023,67.60205009268712,22.760935746750427,70.0,72.29341821337398
2025-05-12 05:20:00,26.576052975613315,69.16586943344166,22.524173081217626,61.972772620302734,72.03835746501976
2025-05-12 05:25:00,27.760356822391312,64.62220467259162,15.822420554203068,58.929698609395054,71.83472574866666
2025-05-12 05:30:00,25.36880463842476,62.92597470190328,27.581496055132863,61.00773770583837,71.57356058713741
2025-05-12 05:35:00,27.177125626547912,66.26878296528339,15.042921954608975,62.49165966521378,71.38955434179512
2025-05-12 05:40:00,26.654669212398296,67.70269737067639,17.181375349036138,64.43187537066359,71.09950834362125
2025-05-12 05:45:00,28.0,69.89518964661656,15.420904559989086,61.497665714481,70.9131859729635
2025-05-12 05:50:00,27.70618538199626,70.50526324407203,26.32309670888232,60.705431819316125,70.71816198296199
2025-05-12 05:55:00,26.138446464340756,65.74867386912314,19.767446969531814,62.239362792771566,70.51396390410102
2025-05-12 06:00:00,28.0,71.21045922210052,86.2873941045664,59.24478327594393,70.39565135129526
2025-05-12 06:05:00,27.292181167279193,67.42466309388041,71.5393121415153,62.2807516179798,70.18562392570648
2025-05-12 06:10:00,25.25613895715445,67.20815537217466,83.25622012857157,64.89418879313304,70.01844864463507
2025-05-12 06:15:00,26.890340417798743,72.17244695347026,86.13454962903434,67.21258635698312,69.89989228161612
2025-05-12 06:20:00,27.535347121280864,64.06642557121596,80.28157556898732,59.87284837848989,69.77444421128222
2025-05-12 06:25:00,25.760140171973653,60.0,81.31829641014633,63.58247293520056,69.54906775725263
2025-05-12 06:30:00,24.810131652576324,67.57036303580027,79.64539136964918,56.27248830123667,69.3266726017773
2025-05-12 06:35:00,28.0,71.79534385199486,77.56042278531086,63.3570098016178,69.15505883691412
2025-05-12 06:40:00,26.27591268893101,65.45831586605738,85.096878536468,62.948816266723085,69.04568592750569
2025-05-12 06:45:00,26.93549087293242,62.8946383394822,82.09981106630552,65.6342564899242,68.91381047008127
2025-05-12 06:50:00,27.2917256441557,75.0,88.46627558764234,59.3183329384542,68.79999337627517
2025-05-12 06:55:00,26.572319982346475,71.76142265997582,82.97072962745592,63.800553813933,68.51815898794551
2025-05-12 07:00:00,26.504504519557454,60.0,90.35080337500868,63.32751065731753,68.23280576017176
2025-05-12 07:05:00,27.309036560293737,65.34727500171455,83.39064349874828,62.96972536235609,68.01757233144667
2025-05-12 07:10:00,28.0,72.748133618373,80.08876907725606,60.10460937725996,67.88789190122922
2025-05-12 07:15:00,26.772268978225426,72.55922515911628,86.59545926603583,64.5496757879001,67.60947908579796
2025-05-12 07:20:00,26.87560788133825,63.021048023950264,85.94284051891249,59.13046369623697,67.3878985596484
2025-05-12 07:25:00,25.120718669060036,71.86956909593367,83.55109917821154,57.810127959648824,67.20610292325962
2025-05-12 07:30:00,28.0,65.25415177316881,85.24922735731741,60.12260967885154,67.07348210915087
2025-05-12 07:35:00,26.595363320339594,63.04625087173215,88.52582718307315,65.74453017314099,66.86590116618065
2025-05-12 07:40:00,26.239648615165077,67.04935347356206,80.42598128960873,58.0652658365112,66.5959968405131
2025-05-12 07:45:00,27.021463774523244,65.1944039146278,77.24762962524812,60.73257075747386,66.31333389201345
2025-05-12 07:50:00,27.625946289024274,69.35222351503334,79.82393464455333,62.249866633618744,66.11812739755598
2025-05-12 07:55:00,25.848769530815144,74.52556448969969,81.27286362232009,59.60005655495738,65.8631685257389
2025-05-12 08:00:00,25.773928342782984,67.77075000435447,84.8903730912807,64.55320936007428,65.6482963105306
2025-05-12 08:05:00,27.93354630806282,68.95555743010475,71.84048037363067,56.152239831556926,65.45216191010249
2025-05-12 08:10:00,27.058349664736934,66.50498358774058,83.62427540121483,58.0184267859021,65.26781629189195
2025-05-12 08:15:00,27.239090062533474,72.79248914191871,84.82262878478282,64.13353761194162,65.15044961555063
2025-05-12 08:20:00,26.19504620415265,68.13104896471418,91.68908402516908,66.01766690497638,64.90805002448114
2025-05-12 08:25:00,26.565518479566656,68.22455964750475,83.9866971699966,66.50859077237467,64.67135625742978
2025-05-12 08:30:00,25.79870026879949,67.4692599394859,82.80957658003665,60.376777394535075,64.4570016836775
2025-05-12 08:35:00,26.554261902955393,68.17514881348026,80.36918433318195,68.05620920377945,64.34942719089395
2025-05-12 08:40:00,26.840988741223935,74.11441838537876,75.33016111103802,59.93685241420975,64.13837935607846
2025-05-12 08:45:00,25.031534399219247,67.72730162120884,83.99744088653563,66.94766440212203,63.93581138219056
2025-05-12 08:50:00,27.339770959536136,69.43636190805393,88.1647303169249,57.97829849017996,63.80932076126949
2025-05-12 08:55:00,27.139800491000027,65.82046594349838,87.74518887280841,66.6808769718117,63.580742488268314
2025-05-12 09:00:00,27.29263478904029,73.52747140947609,85.94820747148302,65.31063372617749,63.336874934405365
2025-05-12 09:05:00,27.62874513489929,68.06515784742693,74.31024661681809,63.55663832534561,63.05842344820419
2025-05-12 09:10:00,25.041341214976587,68.89604351759756,76.46023793637785,53.107705889094774,62.790364636995186
2025-05-12 09:15:00,25.908962938730777,66.44765002662209,82.87381955018388,63.541729496980544,62.54180336259618
2025-05-12 09:20:00,24.25968832855437,64.54974117399703,93.9231893645575,62.37968749027687,62.38589918493382
2025-05-12 09:25:00,26.15833014192716,74.09631871402877,86.89547470088793,64.08959863260588,62.21191753286965
2025-05-12 09:30:00,27.237171887643022,65.04712757295958,85.00290642690362,65.21344749028503,62.020380558621966
2025-05-12 09:35:00,26.72330173067808,67.7296324010126,74.80123551023506,67.75697296192915,61.82622718999957
2025-05-12 09:40:00,25.40621941646194,64.12407723119689,79.32743161289105,54.80907664819516,61.62634311077808
2025-05-12 09:45:00,25.849119052114467,63.275970139715334,85.11070938444212,68.07174034191124,61.44278315624755
2025-05-12 09:50:00,27.73197321715098,65.2423380031327,77.46280282879924,65.86358741673794,61.17092919973503
2025-05-12 09:55:00,27.468957365515305,70.74775502903454,84.6476781811626,57.34310671534711,61.05295957811264
2025-05-12 10:00:00,27.751136890543403,71.76378353145384,79.90460350743996,65.02158976220966,60.88709038823362
2025-05-12 10:05:00,26.421889863684076,70.24526660403579,81.42509725928356,61.512361160096305,60.59333917835252
2025-05-12 10:10:00,27.122636585278112,67.57725026524618,92.17043021077149,56.59128458633253,60.418988683166596
2025-05-12 10:15:00,24.38392758047487,73.88451261185277,93.7646499417723,67.12726957851379,60.167766292283396
2025-05-12 10:20:00,25.79897196059247,68.97899331308538,82.73351778977063,67.15562551819829,59.96702349683677
2025-05-12 10:25:00,28.0,68.41515244725852,82.25328134877208,62.24408293921599,59.84412841616507
2025-05-12 10:30:00,25.570308885891738,63.95892118971919,92.3950635492054,65.96461922346002,59.70111616277042
2025-05-12 10:35:00,28.0,63.56639968803567,76.77088133227745,65.56139412401723,59.415992945687414
2025-05-12 10:40:00,26.787777913136146,62.332400514777234,87.25672516811346,60.75582202749657,59.23180474514512
2025-05-12 10:45:00,27.39670960338057,68.60567079893787,89.72062080248568,61.95853202901903,58.94067879949915
2025-05-12 10:50:00,24.95577422205159,68.91643849221614,84.61108429113358,62.27339735059912,58.74646116472858
2025-05-12 10:55:00,24.987163331995387,63.11339141611008,93.13357940765444,64.85184883919624,58.530037485384874
2025-05-12 11:00:00,25.208003588023786,60.18320467943386,85.79072839228418,62.203806411059375,58.35293942118521
2025-05-12 11:05:00,26.198238899525954,68.44951218339853,86.4297250942882,64.19952126392343,58.089304828666364
2025-05-12 11:10:00,27.39225623603803,68.47211275076364,85.8981575805245,62.80168740028759,57.924482270693424
2025-05-12 11:15:00,27.662816617206516,69.58057047823124,80.83963943364263,60.59767094061465,57.718671800692164
2025-05-12 11:20:00,26.04386410317647,69.20176317668867,87.91685404692198,61.25758976122036,57.60995825487636
2025-05-12 11:25:00,25.639364291417603,61.99532421957032,84.70366808710462,58.487138518382494,57.49590531350014
2025-05-12 11:30:00,26.691599467552837,67.08029778916773,87.43624192593363,64.95220665387644,57.22544542375922
2025-05-12 11:35:00,26.608407149596477,66.14463063631447,89.93120437448863,66.68303177526839,57.06057527758802
2025-05-12 11:40:00,24.090507016509633,61.781895635829486,75.05811530426142,62.270760359415306,56.85429673484166
2025-05-12 11:45:00,27.131595247368132,72.07814724209638,88.83985781690079,55.26599436056303,56.64244762483078
2025-05-12 11:50:00,25.558734961195512,63.403839121980276,85.57387728055072,50.0,56.37001421823066
2025-05-12 11:55:00,28.0,65.23729205771578,78.2986223478344,53.132326045923875,56.160462238720214
2025-05-12 12:00:00,25.23955003192447,74.31913253612541,92.11522790429397,56.17559674173871,55.90966848508387
2025-05-12 12:05:00,27.10191913662658,65.03291694076859,81.57609380943676,56.31313988983596,55.75213013907379
2025-05-12 12:10:00,26.713118514351386,69.83935556760241,88.35408924684158,70.0,55.55085352602996
2025-05-12 12:15:00,26.3308668870674,66.04961090418713,86.75486102756415,57.79943023608027,55.36530573327044
2025-05-12 12:20:00,27.299083512625664,68.6597472371258,76.9492502641076,61.18141152261316,55.242754173612894
2025-05-12 12:25:00,27.40477181287096,67.05764147135407,84.88660014582874,58.91401290791467,55.005985134934306
2025-05-12 12:30:00,25.05401819506198,69.02230475113144,89.66027949003055,62.77396359450904,54.810531560906064
2025-05-12 12:35:00,26.879650151775184,70.2090714161436,89.04103359570745,69.03049144096533,54.702906890809636
2025-05-12 12:40:00,25.28268963519989,70.05738205818825,86.85782053715029,56.51076900469466,54.53881985468824
2025-05-12 12:45:00,25.612308213208482,66.41782653489201,86.00810140181729,55.57042544053723,54.39880892725994
2025-05-12 12:50:00,26.063973839291073,72.92925848517766,80.71289173859927,67.91378893815904,54.27230410095196
2025-05-12 12:55:00,26.070657676065927,70.06295203710522,86.82714649658371,65.94867788145001,54.03537051719275
2025-05-12 13:00:00,25.823580788561173,60.66364423500606,82.47482686503577,59.58028883036687,53.766579986070425
2025-05-12 13:05:00,27.920444777854073,66.0821781617839,79.60333476305563,63.0730541935627,53.554567541129785
2025-05-12 13:10:00,26.10826861586153,68.23928480974021,80.97893794790888,64.528583043046,53.28181151729294
2025-05-12 13:15:00,27.19323556808664,67.48949685179934,90.01042189497684,67.02011561880687,53.07696482965826
2025-05-12 13:20:00,25.246815579148766,64.57392445498007,81.41819962327081,64.20838022933764,52.84685430852994
2025-05-12 13:25:00,26.746409170041247,62.244665747521935,89.6417879491822,62.918573789828024,52.639907784033596
2025-05-12 13:30:00,26.83442438084323,67.96468703538295,81.52512260716013,69.95016407277811,52.454499938431866
2025-05-12 13:35:00,27.17528788118534,60.0,84.15845798088874,65.34723872835899,52.30473903624184
2025-05-12 13:40:00,26.669350774325945,64.75417544972456,81.65101768497698,56.227893287108294,52.16969946661481
2025-05-12 13:45:00,25.162735502790078,69.548155132517,85.75279781743517,68.27500374280204,52.003928495453444
2025-05-12 13:50:00,26.19145819316478,71.18444716154977,86.9526595422613,70.0,51.71256997171563
2025-05-12 13:55:00,24.0,69.63590246095946,80.80550518681822,62.69339393702311,51.526328303975774
2025-05-12 14:00:00,26.245328946436352,70.9911343606406,82.44583484910684,59.45618516858354,51.26582998142205
2025-05-12 14:05:00,27.41662207410894,62.28563818714247,91.06212907013231,56.91816332567228,51.02738853029325
2025-05-12 14:10:00,26.138862163839836,65.93727761436203,94.53567227635995,57.659712082043825,50.74189546953065
2025-05-12 14:15:00,25.96854900690776,68.24506468923714,85.11981626800944,54.13429920346383,50.586396389268025
2025-05-12 14:20:00,26.609808640327376,71.23897272152327,83.5720236750605,64.11624644545837,50.38956416500523
2025-05-12 14:25:00,26.978937807526332,67.20283817847236,78.65020366770884,65.97063031456433,50.235068373668625
2025-05-12 14:30:00,28.0,73.75705514063262,86.26974728899955,70.0,50.11865633021075
2025-05-12 14:35:00,27.51126265649442,68.48998496813874,77.32261404391964,56.93882356839108,49.9178013626583
2025-05-12 14:40:00,27.755710787475092,62.96271338299259,76.1807927078791,60.19923770546307,49.73537449056983
2025-05-12 14:45:00,25.848031329338845,60.69051152998731,95.23469032398238,59.48059828985576,49.60312109828684
2025-05-12 14:50:00,27.199624179584198,71.26914818536544,84.53712648195247,61.66827909611804,49.41743858254438
2025-05-12 14:55:00,27.52719159443181,71.00339691166253,90.112554854293,58.29278620605568,49.26380348818711
2025-05-12 15:00:00,24.93649022855128,71.13268234253319,81.20124732587257,65.19965336725936,49.10910387889314
2025-05-12 15:05:00,26.98036925787378,63.26463405467686,92.62217350723324,61.90244190381137,48.85992777136556
2025-05-12 15:10:00,27.139495751156275,65.43993217737206,89.74130147620683,69.29808598792336,48.674893529256146
2025-05-12 15:15:00,26.55134010371525,68.54399499692907,86.11792400895723,67.97098200673614,48.51645881384438
2025-05-12 15:20:00,27.26555567860856,70.03553220775689,76.89997510021911,62.5442956797201,48.33014204767879
2025-05-12 15:25:00,25.833529740669967,65.48477130610603,87.29344876419422,64.93159617980992,48.11903266741903
2025-05-12 15:30:00,25.714492714123114,67.45998047191354,85.62786430278283,67.58655008668636,48.015709666349345
2025-05-12 15:35:00,27.618737079974952,65.58904430539116,87.26827677713426,65.50719511346014,47.74424670093804
2025-05-12 15:40:00,25.976495560133756,63.340400734921964,90.97560813986323,64.57110336212197,47.59013052924171
2025-05-12 15:45:00,26.219093183605093,63.74653196746993,88.62521597054423,66.6398262814134,47.44579586345875
2025-05-12 15:50:00,28.0,66.2357660366634,83.568472325799,65.49059867924049,47.28363618731138
2025-05-12 15:55:00,27.655876199393145,64.98625917852047,87.64967341729393,65.85908463988466,47.03010797760455
2025-05-12 16:00:00,27.343629333805215,68.90200379233742,85.89714626420587,52.10073473471439,46.88145143917145
2025-05-12 16:05:00,27.14863718221774,69.08747337716693,81.04157466948085,62.084305644301025,46.708107552656664
2025-05-12 16:10:00,27.724741839569354,72.78443938537265,85.48949674992988,55.90544637366855,46.47602779407769
2025-05-12 16:15:00,27.92101784502845,69.23321759873203,87.83307017661949,60.1295518154826,46.22416041370122
2025-05-12 16:20:00,27.74834904966678,64.25880646913974,91.69221694699853,66.74339553447737,46.07125177075649
2025-05-12 16:25:00,24.660063860590885,71.16939080900728,86.83885536503894,59.96838266092923,45.89840610286503
2025-05-12 16:30:00,27.15252982519974,71.97726154837765,89.45072908110919,56.71128646612295,45.77584913098288
2025-05-12 16:35:00,26.49781731386211,69.02571315576529,90.89775121221099,61.65169750681847,45.61061252177054
2025-05-12 16:40:00,25.779138353631108,64.90352363307633,85.02311406215719,61.17839008949235,45.39515839956468
2025-05-12 16:45:00,27.88324550825256,66.98046936929575,86.87186354957396,59.609738365264214,45.1183145989053
2025-05-12 16:50:00,26.575854973006603,69.5004337390944,86.44746611238335,61.88788381898882,44.98119722065682
2025-05-12 16:55:00,27.689679223091545,72.78262319894664,82.99231653432422,58.92151853812451,44.76886871362846
2025-05-12 17:00:00,24.433758077909957,69.96673125921545,85.9557230065413,62.883711237067935,44.494697265536075
2025-05-12 17:05:00,26.007074532332936,72.35597972391773,81.27730019564216,70.0,44.29454004993189
2025-05-12 17:10:00,28.0,66.25719040143088,89.58533143469924,59.60636499398029,44.00616091181503
2025-05-12 17:15:00,27.164861832973973,75.0,84.61904680574649,61.73226149974539,43.73118018156144
2025-05-12 17:20:00,27.846478172868967,66.05454715388625,82.23176788364658,60.39095506028365,43.58330301524673
2025-05-12 17:25:00,26.81399287897099,62.78320853108951,94.6490324461774,60.928920328450324,43.43022604070993
2025-05-12 17:30:00,26.627750787436355,65.73193300716032,77.27133111369321,61.9080851707065,43.15406554839203
2025-05-12 17:35:00,25.36786764457036,66.7661175368604,88.45169380755709,59.46774561924693,43.003134623925675
2025-05-12 17:40:00,26.862044006031972,60.0,84.091645933382,58.82480924260313,42.82766517654429
2025-05-12 17:45:00,25.979989041840973,65.37514283147455,86.87937741396227,61.558230465798296,42.57682656772234
2025-05-12 17:50:00,28.0,64.07654483074572,93.13720659256815,61.39838879147254,42.462334675377065
2025-05-12 17:55:00,24.971162980625024,68.31689953873021,73.4769309009533,68.40791207257952,42.23637352195015
2025-05-12 18:00:00,27.786112040578484,70.35924332369667,86.349473659618,63.19484539469146,42.09429642919933
2025-05-12 18:05:00,27.208237023849435,66.38839221663956,91.77389398862226,63.63796482557293,41.94582231397566
2025-05-12 18:10:00,27.54790970100498,68.13195581030523,90.19864440712902,68.79976121370515,41.7065393993625
2025-05-12 18:15:00,25.899485763354527,71.97284602138095,87.58537158846264,63.966666794308345,41.50791650205395
2025-05-12 18:20:00,25.8356012478918,65.5160388040974,73.03431436948082,59.02285447407202,41.25049834484863
2025-05-12 18:25:00,26.754001166104167,63.502405298026986,85.68638991699315,64.60513070793738,41.010391968930854
2025-05-12 18:30:00,26.664359501477655,71.30560010792011,86.32656501392043,62.95043206623411,40.79703602870514
2025-05-12 18:35:00,25.41907668496256,71.46267066739757,74.85033040509532,64.31780148772052,40.608382340391394
2025-05-12 18:40:00,24.938442029319134,65.1426596098503,90.73056169180214,63.94517944083907,40.43243558275631
2025-05-12 18:45:00,25.498294817052827,67.8388190186,100.0,56.12303816560336,40.24368566131988
2025-05-12 18:50:00,27.363095147983756,67.45991206187139,71.70614768957019,65.31686461616573,40.09551115782091
2025-05-12 18:55:00,25.073342359802783,69.19128294129993,85.69173971363516,67.71285840252621,39.83401732236592
2025-05-12 19:00:00,25.303607067659176,69.05031426147433,12.992692282149257,62.12067240702867,39.54831557372993
2025-05-12 19:05:00,25.1479755352326,70.60883095795184,13.85037661628358,59.69031393747338,39.4388638600853
2025-05-12 19:10:00,27.550170796594305,65.8345380875475,24.681777668184566,67.89848480057019,39.29667843211653
2025-05-12 19:15:00,27.251640563079576,63.00035134522658,12.928159981623137,64.44247882669765,39.011257149792584
2025-05-12 19:20:00,26.172720900206667,70.7279972862774,16.07745180716082,66.76992862613103,38.74002401241459
2025-05-12 19:25:00,26.41067576032987,70.40880406252965,21.15460130052119,65.33654702505973,38.61686141268196
2025-05-12 19:30:00,24.0,65.51335039685344,12.752624810100679,57.8758871916758,38.42729346027993
2025-05-12 19:35:00,25.755167384155605,69.50291748362336,19.461273058715097,66.15609841748423,38.135475783514096
2025-05-12 19:40:00,26.154670479716433,65.2137683428928,16.67118805747558,61.327066457787105,37.9673914859641
2025-05-12 19:45:00,26.565546397470964,66.20210591404168,13.47489793029534,65.64193366268994,37.84488708471163
2025-05-12 19:50:00,26.672555515897823,66.21057914442028,22.93343969051701,63.4081087031548,37.73965769926064
2025-05-12 19:55:00,25.49567801718406,69.02061425244763,17.614276841460377,61.048551586970326,37.49612686021174
2025-05-12 20:00:00,26.7709418583681,61.766997177839016,20.135380949041284,58.95528741378576,37.213228147767225
2025-05-12 20:05:00,25.22973947159415,72.69009891379385,12.776631728304373,58.55166621852265,36.98267726951475
2025-05-12 20:10:00,26.413496056358188,68.02687600033022,14.35062668885388,59.72636350203508,36.72787614360822
2025-05-12 20:15:00,25.84476450536396,65.52518797982407,15.364217292623033,56.22331680027401,36.588439548562604
2025-05-12 20:20:00,25.12690988007283,68.43897837302316,19.472427231818024,60.9098368348368,36.469289107044276
2025-05-12 20:25:00,26.897998818838023,68.8164605786224,25.887766472144417,60.268239358790915,36.251919041806175
2025-05-12 20:30:00,26.958667448007823,67.13319674550624,20.745646815371032,69.3281507546138,36.1378584735357
2025-05-12 20:35:00,27.770828207110128,66.73573390823145,17.34575957507804,62.7200141642859,35.911237903322565
2025-05-12 20:40:00,27.43873801188029,67.80593526909338,19.454446077253124,66.44918232574764,35.791090209631086
2025-05-12 20:45:00,26.55931006842771,60.18297653328837,27.67685816586942,66.03622731122725,35.62903037928367
2025-05-12 20:50:00,25.28771001713724,68.55571852845621,19.191457319606005,64.60578578389737,35.452308494124296
2025-05-12 20:55:00,26.28977334729403,69.7814768883556,19.181169111366927,62.085377270065536,35.20898684163444
2025-05-12 21:00:00,24.100932343399894,63.6446153153329,24.025469792741,57.285611483316295,34.921537233542175
2025-05-12 21:05:00,27.27201258922857,63.67405466000406,26.89940184940864,60.62702012296971,34.736133371556136
2025-05-12 21:10:00,25.77608360473549,74.95824133068145,19.626747126977346,66.51585178105384,34.45767349886213
2025-05-12 21:15:00,28.0,69.72536758268414,26.96580884782091,62.71025790202617,34.23503537071463
2025-05-12 21:20:00,26.809382716990115,67.0183823710541,10.994457055869436,62.70499172805633,34.03112606840442
2025-05-12 21:25:00,28.0,70.03479954965937,18.994199626898308,66.0329061196328,33.738542645509696
2025-05-12 21:30:00,26.430804198669904,66.89444061201978,31.846928395887495,57.665351175477696,33.57646297264015
2025-05-12 21:35:00,26.377722930289018,69.2337821919157,21.62163378583255,68.93315823404217,33.28041664751418
2025-05-12 21:40:00,26.561809992009216,71.90286100892668,16.62964444404634,67.6638454400697,33.16635424788614
2025-05-12 21:45:00,26.363303058287105,73.10960692612281,23.292999719796047,56.02727564792674,32.99866560039433
2025-05-12 21:50:00,26.545494936613533,66.47091201248136,15.279196509265969,61.321834612198856,32.826727792284906
2025-05-12 21:55:00,26.212829151174265,68.93551226752858,24.993414077793997,62.874569157401226,32.615825391978284
2025-05-12 22:00:00,28.0,62.3393206090529,18.691065556753795,63.03631509779708,32.44316390809275
2025-05-12 22:05:00,25.88774153506113,72.03413911604873,17.36753224723889,67.1914348924842,32.17950481498149
2025-05-12 22:10:00,27.640405906750328,65.1456693376736,22.125490812806508,65.69227155179433,31.948010931474425
2025-05-12 22:15:00,26.573581037610797,73.1109553537732,18.214629469124336,61.103027813939626,31.669794248702708
2025-05-12 22:20:00,25.143429566295502,67.16463903087524,12.614548984477455,61.86597100401028,31.436033954341486
2025-05-12 22:25:00,26.625884650819483,64.55576093583522,13.272118712048782,66.60375483690352,31.148522391213493
2025-05-12 22:30:00,27.09778072801756,67.20912176307995,17.946706955018175,60.81751448424083,30.92615441112049
2025-05-12 22:35:00,28.0,70.67955223312902,25.509590049647198,59.79616563809286,30.703044131183326
2025-05-12 22:40:00,27.210174731220473,64.95910782600069,24.77972588597891,68.06370095720577,30.456580327764303
2025-05-12 22:45:00,26.81510490902344,67.47149028497202,15.184880798440432,60.81515337111948,30.21993340274591
2025-05-12 22:50:00,26.92508168536162,62.52516269473031,21.895031797286133,61.60903380246853,29.93223808766757
2025-05-12 22:55:00,24.0,70.24530472148713,17.140103390432735,65.566418991168,29.704648442395523
2025-05-12 23:00:00,26.147867229154134,65.26774007564899,19.162616033857653,70.0,29.479876031094562
2025-05-12 23:05:00,27.748324837027365,64.90825718007574,19.375647315808248,59.14539024047834,29.339027689811314
2025-05-12 23:10:00,26.52161275219456,61.69272562424713,22.166172023866995,54.51596179795216,29.188786975541465
2025-05-12 23:15:00,26.015426760088268,63.82810707421986,18.049365646041007,59.6792374848542,28.890467931966125
2025-05-12 23:20:00,27.971919903031566,73.5261213919369,12.292208415288528,65.4109318801783,28.73333746700117
2025-05-12 23:25:00,26.553192222480074,74.88865008756477,23.44866218817311,64.7671226009049,28.602397141879248
2025-05-12 23:30:00,28.0,71.48847814709433,17.46708751042579,58.46920848151368,28.430282067315634
2025-05-12 23:35:00,26.830419901185195,63.83178041918914,31.37383294124402,58.84081356356205,28.21506782633071
2025-05-12 23:40:00,26.086024865307007,68.81704616470485,19.89874290018301,59.44674161934439,28.067058059797883
2025-05-12 23:45:00,25.856514907132723,72.63498379905384,29.131570865885855,58.633836955869775,27.925240741185867
2025-05-12 23:50:00,24.071837504813672,66.84475798359898,20.42467566382016,65.55262367257755,27.72684595100302
2025-05-12 23:55:00,28.0,70.3984527138444,17.492049772571306,62.382635925485154,27.620498551913492
2025-05-13 00:00:00,26.658662933338945,75.0,26.595495618320392,61.6289260551593,27.38519386834457
2025-05-13 00:05:00,25.826116933634324,65.62947997315503,17.647524726263292,62.59691409125273,27.24561386811405
2025-05-13 00:10:00,26.341972193959304,69.43445192375243,24.667046637782168,66.88942903523412,27.064618816569617
2025-05-13 00:15:00,25.163790035871347,66.54850406491325,24.215939896164564,62.977102144312695,26.82908263369016
2025-05-13 00:20:00,25.267873653705617,64.94744865759125,21.355114632101806,65.90848686351069,26.544231270392377
2025-05-13 00:25:00,27.14083418969171,66.54784037960253,28.764780647576714,58.00931679914506,26.303590947416765
2025-05-13 00:30:00,26.684665551291758,64.60289463021037,26.311075839190334,57.275858632767346,26.176502226646853
2025-05-13 00:35:00,28.0,69.5824052795519,15.48058185860869,67.29513831759292,26.022378628886052
2025-05-13 00:40:00,25.447952555575462,63.69305141116656,23.483751044649573,63.80819036074328,25.778334426253394
2025-05-13 00:45:00,26.201637445933812,68.25649885035428,18.080661563806252,57.749360772709124,25.603533269065704
2025-05-13 00:50:00,27.118170957147857,61.18270037628088,17.28949239938694,67.81787414964879,25.48216081440672
2025-05-13 00:55:00,24.42726121384047,60.612754385077764,22.41500411762981,66.4484435236405,25.24947444712585
2025-05-13 01:00:00,26.971510179724916,68.37271328246928,22.384509569467102,64.68295010729281,25.056177044090884
2025-05-13 01:05:00,25.53531297419317,69.30649329045535,21.08419316560691,55.52216241230946,24.909702084484465
2025-05-13 01:10:00,28.0,67.22694429934677,13.61492375078413,61.56942672614618,24.75944856498935
2025-05-13 01:15:00,26.407350474292663,67.88426561824654,30.328873150457746,58.689222452441086,24.59537253317646
2025-05-13 01:20:00,26.596734010058817,63.75046267007241,22.361552642959293,58.683555462622365,24.337116945013637
2025-05-13 01:25:00,28.0,75.0,15.611801334611204,60.66032061047674,24.221506494723158
2025-05-13 01:30:00,25.06626690188478,75.0,24.549234878925027,63.55587002331795,23.994573166050376
2025-05-13 01:35:00,26.391052738182026,70.14608806278162,22.38251123355481,64.21316527761769,23.839891236863753
2025-05-13 01:40:00,25.958432622460126,70.15791049067552,19.733520530466542,66.48814818181037,23.723156465250188
2025-05-13 01:45:00,24.70461028709958,66.44356610249626,19.320461084585038,67.3784971793061,23.56618839652785
2025-05-13 01:50:00,25.981024478795817,60.0,15.8908440610955,65.19095118111665,23.282375592805085
2025-05-13 01:55:00,27.14019286942332,69.18603140512906,20.880052612969422,60.36186507603782,23.136411335754865
2025-05-13 02:00:00,26.784117578373603,61.04954402843667,22.510031599588892,60.231165344603404,22.973264580552627
2025-05-13 02:05:00,24.89346595698565,66.99613504457814,17.65442179290149,58.59361471174015,22.79975442484841
2025-05-13 02:10:00,24.746764676279632,69.76857848982203,21.656830955016474,60.544549903544976,22.52654825441423
2025-05-13 02:15:00,26.24688111575912,64.67058096880851,16.147627741866568,57.91425401734688,22.282793478176647
2025-05-13 02:20:00,25.95604152523788,67.52635110528641,19.778128027449768,60.31365763147693,22.007474317633722
2025-05-13 02:25:00,27.06189960177995,67.83174072887336,23.08424645217208,60.1256563294977,21.760776116107237
2025-05-13 02:30:00,26.300785850795272,69.0839415033216,21.395923015139346,70.0,21.478049269158642
2025-05-13 02:35:00,26.07546447287898,72.36625413888261,16.3248396297521,64.08163596208523,21.231583698241064
2025-05-13 02:40:00,25.86072148780191,69.99328313262508,19.646516400897628,64.28094832813558,20.962227904782043
2025-05-13 02:45:00,26.050797435659668,72.83040151835394,14.785117480245248,60.93294563149319,20.83096286060509
2025-05-13 02:50:00,26.36666520118409,65.11781604629235,17.47681388217157,65.54839176751105,20.65608691944874
2025-05-13 02:55:00,26.329465787395314,71.54623338567626,22.4836742912496,64.90775420745022,20.50055504949243
2025-05-13 03:00:00,26.04677795705488,66.02591189640349,16.25329964511065,63.84670155720052,20.20206838076169
2025-05-13 03:05:00,27.881967189088844,68.05403888783333,25.288455029226043,57.64106308852053,20.090000506578754
2025-05-13 03:10:00,25.7415017209512,68.90070450602579,22.75788190599728,63.108756617538916,19.910654555510096
2025-05-13 03:15:00,27.455671470330675,60.63499752512152,18.709318727711327,69.64387316493541,19.711569185359682
2025-05-13 03:20:00,24.60281506669363,66.28775450239151,23.24854319017588,63.154362650020204,19.578445524671157
2025-05-13 03:25:00,26.617275782986543,65.4306707630753,29.128328732847717,56.497351696135475,19.439055772997015
2025-05-13 03:30:00,26.776639403271307,68.04983584910617,14.729187762091875,63.86963906229162,19.185113807580148
2025-05-13 03:35:00,27.24866777193793,60.20587908752149,25.61026768342528,58.17028859726913,18.893683960722086
2025-05-13 03:40:00,26.7834198946037,64.4934892196033,14.877788802324847,64.33008904096295,18.610957425408476
2025-05-13 03:45:00,25.36022250939643,72.4949943798624,22.607288933898626,63.364322308760045,18.46678713135083
2025-05-13 03:50:00,28.0,70.74661334290658,24.975033350372037,63.47397519298832,18.243490135839366
2025-05-13 03:55:00,27.14855056941861,69.98232329873538,16.49290653255799,68.22319910522363,18.062944270311753
2025-05-13 04:00:00,25.496815062271114,74.54213747678243,28.374986946489912,64.75475802152356,17.86892484110108
2025-05-13 04:05:00,26.039220025986296,64.29122227443193,12.58168131688651,63.06368098192112,17.67995872978087
2025-05-13 04:10:00,25.38266577060409,66.7600472032036,18.368442729755003,60.74387539027283,17.382002750523508
2025-05-13 04:15:00,26.810413668317892,75.0,7.96945065066282,60.82005553754988,17.176732116988894
2025-05-13 04:20:00,26.117345107253936,65.69244601482215,17.89063852380423,60.41859882656613,16.8782463671717
2025-05-13 04:25:00,26.110469590946494,69.0773685472755,18.43763673794064,57.57789951717499,16.626570011272552
2025-05-13 04:30:00,26.093951724206438,68.27435663206917,26.551743728414472,60.85062585349656,16.484745361430193
2025-05-13 04:35:00,27.006475117621036,71.88934543406559,17.63289026986266,58.673581239301434,16.185764195286364
2025-05-13 04:40:00,25.812641022842637,64.7632935146358,27.066127774184082,59.390522237254515,16.07736054344132
2025-05-13 04:45:00,26.125203703018208,64.19963407316749,22.23568614473102,63.41013689028789,15.851952617447283
2025-05-13 04:50:00,27.542617262141384,62.527209763126464,21.566960834769763,60.55978800677005,15.684832525544355
2025-05-13 04:55:00,25.14409034881778,70.3286506285389,21.133781069974678,60.22988150154997,15.396291160220914
2025-05-13 05:00:00,25.455521411920202,73.12440397670389,20.004273361889215,60.4622995699459,15.147049473188076
2025-05-13 05:05:00,27.265971748539915,65.66330542166828,10.14937319980589,63.08656525720734,15.018787196642068
2025-05-13 05:10:00,26.775516335269774,60.0,23.058705269581118,69.57439976796016,14.794524502232914
2025-05-13 05:15:00,28.0,71.37010896881162,10.552843019464625,58.94279402918386,14.640938391289566
2025-05-13 05:20:00,27.727197480996416,75.0,18.46941278684694,63.21310567481139,14.523020037101578
2025-05-13 05:25:00,25.461400822992875,68.64532342561918,23.33721144760052,54.85567184710583,14.373235460810577
2025-05-13 05:30:00,24.641144171136943,69.18409392627439,15.873670486172955,58.13182834139664,14.230944317474682
2025-05-13 05:35:00,26.69711150034179,64.4243632074267,22.14687947526069,57.23496042407541,14.100977578882397
2025-05-13 05:40:00,26.605238607321514,63.98290559349232,28.550888725345246,61.77658129602085,13.997301677786243
2025-05-13 05:45:00,26.80538066433341,65.57496884959038,26.69625758355389,62.74666127530061,13.889129975681012
2025-05-13 05:50:00,26.24989461029244,67.52526892949099,19.343168814415588,60.64978726033219,13.75739093885138
2025-05-13 05:55:00,25.89944078525503,69.60106201732265,20.521255192451896,61.91063692641837,13.536171277668467
2025-05-13 06:00:00,25.541557702733858,61.67884626551591,76.98521768688586,59.04800282898039,13.37142906467988
2025-05-13 06:05:00,26.260364963302404,68.88661361501197,78.48502542274012,66.0263469556737,13.173590915974422
2025-05-13 06:10:00,25.53329269400571,67.89940650992071,73.7393211310956,65.1753955201513,12.943978401512002
2025-05-13 06:15:00,26.597824325583584,66.15158991981258,85.35156706042686,57.37900111442798,12.819690865736066
2025-05-13 06:20:00,26.01709432959061,66.22206780249734,87.72216487924597,66.3302560394303,12.530723193537307
2025-05-13 06:25:00,26.358199145399333,66.62253495395377,92.14190677276119,58.79727092647722,12.25706425026072
2025-05-13 06:30:00,26.40844686701473,71.71934550106721,80.51742600579976,63.620294425444825,12.005586905354349
2025-05-13 06:35:00,27.13331752176208,63.42844588752936,84.72916561108514,62.56458421390944,11.831608572172813
2025-05-13 06:40:00,27.175175258486775,69.73835089161292,89.5028421727157,66.3303268493071,11.730149040384635
2025-05-13 06:45:00,26.160788725261256,62.933399451504265,91.64531511302069,66.25389318502783,11.593168113099175
2025-05-13 06:50:00,26.4848536019571,68.2371399555486,87.60746556429463,59.98721332014207,11.46626148853737
2025-05-13 06:55:00,26.488094758320447,73.16204595924076,84.95050300555536,61.05883226990421,11.348673090630166
2025-05-13 07:00:00,25.354010849792694,65.61817416894542,79.82310592216578,58.622906911772624,11.141835430799723
2025-05-13 07:05:00,26.415776196680753,75.0,79.9171589976901,61.51941285107106,10.990810452245645
2025-05-13 07:10:00,25.721166281541944,61.94429428763072,93.62101285234937,67.49309793178088,10.709995361065266
2025-05-13 07:15:00,25.46538410072252,75.0,78.4113180391129,66.44863303530205,10.491103664112668
2025-05-13 07:20:00,26.9383613963316,72.86644523791263,81.15373842202045,60.104931462548,10.25117639411854
2025-05-13 07:25:00,26.583518755057376,67.32529296653864,81.58597257130063,62.92061533022533,9.976788441975792
2025-05-13 07:30:00,27.99423385700578,62.337580779961854,78.25778297838569,62.18434367369777,9.829643120210237
2025-05-13 07:35:00,25.13190795070103,64.68452610170621,91.84152241875164,60.69612171903109,9.622668413388197
2025-05-13 07:40:00,25.464842739172397,75.0,87.46670401431246,57.28977371510246,9.423334804720733
2025-05-13 07:45:00,27.516940674127376,64.24823358878278,91.54780611605983,59.11496574982994,9.127335936018365
2025-05-13 07:50:00,27.018627650718262,74.46484402405369,83.57275293834209,64.16609287600222,8.838587791307368
2025-05-13 07:55:00,27.031524097796943,69.03444093886813,84.08983500479951,65.04427774894445,8.587848076403258
2025-05-13 08:00:00,25.158487752458385,66.47203287583918,85.31868364670503,67.94053456947726,8.457295049701804
2025-05-13 08:05:00,26.27702210389585,67.26084820223261,83.29915581595998,64.49916644778723,8.191147460117557
2025-05-13 08:10:00,27.004705955248635,65.20053049159328,82.35283539727578,64.26830433808877,8.081117190287374
2025-05-13 08:15:00,27.128319123918885,67.36445694924379,85.15585737380152,56.38347876618177,7.834208340164605
2025-05-13 08:20:00,28.0,67.5772286900237,83.49850055161409,63.04931111270732,7.720133119276573
2025-05-13 08:25:00,25.15795057941143,67.57348567443265,89.51848817238621,55.606560206208265,7.542706025065997
2025-05-13 08:30:00,26.04989716970627,65.77909157463723,91.21481729785472,61.40515891594085,7.277909714199616
2025-05-13 08:35:00,24.999384820687247,64.25106136260591,76.37971114749102,69.7690572526916,7.171031052787453
2025-05-13 08:40:00,26.61311884120393,68.0445724227044,85.02912385280023,62.748864047097626,7.0513866112923544
2025-05-13 08:45:00,26.80313949878272,63.08363208835574,89.56806353656641,67.48022246933117,6.822003854995428
2025-05-13 08:50:00,26.654409149605925,63.47082227739483,75.92530542089438,69.15991480457838,6.628052939633691
2025-05-13 08:55:00,28.0,71.89249714974744,90.0612291138548,70.0,6.450540893794889
2025-05-13 09:00:00,25.4322831158631,66.04511577735559,78.32094870657143,60.330961770823045,6.268677468096761
2025-05-13 09:05:00,26.80312131241027,70.02726118180713,91.26535091512642,54.361157202841746,5.988268785798882
2025-05-13 09:10:00,25.72254281005029,62.26053008787316,82.87742803237441,64.5850855113911,5.860606140327633
2025-05-13 09:15:00,27.018202553208397,62.46869499772298,87.36861287002883,67.29254770484945,5.7318441881966855
2025-05-13 09:20:00,27.41707497575173,72.43955871311158,83.93872190820707,61.842204166493204,5.587702550635157
2025-05-13 09:25:00,26.58527153272518,75.0,77.53842006370633,55.10200605906602,5.3951511723559165
2025-05-13 09:30:00,26.183139157424367,73.29122837451926,89.40854624477221,64.94199733761478,5.259317291306794
2025-05-13 09:35:00,27.241197627735637,67.37970234190965,85.1659441057292,59.14651375464505,5.153286462924953
2025-05-13 09:40:00,26.29870214125395,70.63770042527396,81.85308866389818,59.311545798440235,5.0479141886428955
2025-05-13 09:45:00,27.028361688173817,66.33685189238106,90.86896017028606,63.01098543017472,4.782794066697045
2025-05-13 09:50:00,27.375178057194518,75.0,85.77101478641129,57.83575745959537,4.505261664918671
2025-05-13 09:55:00,26.696359825525615,71.37903019232216,81.94410411717662,66.48653492413158,4.2850016040667995
2025-05-13 10:00:00,26.920884617137887,71.52204141042651,89.61042947233622,64.38557817865983,4.112261266513602
2025-05-13 10:05:00,25.986638151991865,67.96770085213637,83.13480686320177,65.03661833735651,3.9256356685183262
2025-05-13 10:10:00,27.74372943130066,60.4129473027013,85.3074053072457,57.40769430018237,3.802217165462009
2025-05-13 10:15:00,25.460456994686165,71.33209844502585,88.61514342331434,68.21012307042744,3.6926908175076334
2025-05-13 10:20:00,28.0,73.310714448025,87.68488808346136,62.874705153625335,3.4871318164668867
2025-05-13 10:25:00,25.899691301348874,71.15854607813091,79.73474529071471,58.1149628984243,3.3271225736573595
2025-05-13 10:30:00,25.8404620821955,65.00000843578835,80.16038303351924,58.62658782135777,3.187139284943166
2025-05-13 10:35:00,27.11719972724528,75.0,85.74580352895019,66.31442730439957,3.0171150352271927
2025-05-13 10:40:00,28.0,65.82402246498957,84.23462393603003,64.6876615285062,2.88293547756483
2025-05-13 10:45:00,27.54807654873373,66.30657700933129,82.9892360130944,66.31904990067349,2.6830662787093487
2025-05-13 10:50:00,27.003859835072166,72.48675327133434,90.45560474298739,58.67193694033831,2.4757788069298154
2025-05-13 10:55:00,25.940046295427067,62.54227367263607,85.51210523637371,62.474549746145854,2.285794216639908
2025-05-13 11:00:00,26.10902065593787,67.47744648697326,86.81447365836785,60.52987571869814,2.168592181898747
2025-05-13 11:05:00,27.298815802702638,70.75550855011359,84.97238700623336,64.03013933635852,2.0019712723667884
2025-05-13 11:10:00,26.388694776678808,64.56579816937155,84.90729862563845,63.971685209008655,1.7838950958818809
2025-05-13 11:15:00,25.322336469020797,66.19097269618307,88.29918045929168,63.97049349950874,1.5422983758062456
2025-05-13 11:20:00,28.0,75.0,80.3786205103685,64.32099958034837,1.3323561952692538
2025-05-13 11:25:00,26.60784022530626,61.5007877749124,90.08412445601815,53.04351977539841,1.218826364978389
2025-05-13 11:30:00,26.183928706758635,67.91277100841779,81.91066370471752,60.539421808940034,1.0800057748159406
2025-05-13 11:35:00,26.680243298647927,62.33773781118194,79.94330109360119,62.99049848351109,0.8477961069580295
2025-05-13 11:40:00,25.219928134942027,64.5507826842241,88.10032533366449,64.85040951846038,0.56106749158029
2025-05-13 11:45:00,27.79352530144241,67.96203850331835,87.70571265150001,59.96261175016552,0.3178852639633058
2025-05-13 11:50:00,24.585736488669518,70.43978765354738,84.71235573487635,65.41324687121616,0.17365515335961856
2025-05-13 11:55:00,25.799642272749075,69.91333889261345,87.50370434161131,65.37781184565551,0.026917828989879627
2025-05-13 12:00:00,26.686411994144976,74.94582211324182,76.36754551553062,56.76912101471431,100.0
2025-05-13 12:05:00,26.466835581535065,72.77047385230271,88.90605478104162,51.426056501056244,99.7160489254178
2025-05-13 12:10:00,26.523661706163832,71.32843420339996,87.42298293197076,62.725549846308986,99.59128258013133
2025-05-13 12:15:00,26.542731799182153,66.5070361149538,85.05432131588563,65.55392988974788,99.4634125935362
2025-05-13 12:20:00,26.695282318121656,75.0,83.54815220303885,62.19069807801153,99.32083164260474
2025-05-13 12:25:00,27.71332357098262,64.76330281879612,86.79122445874721,59.66784953460056,99.02830908125263
2025-05-13 12:30:00,27.346914887139608,73.67712159914348,80.09997780994681,61.17666692336698,98.77681348760049
2025-05-13 12:35:00,26.607736173763957,60.779710060101024,87.80499657251745,61.52176231570448,98.49776555914255
2025-05-13 12:40:00,26.73020328671035,67.73213974820493,80.40569062915515,61.56658381787345,98.38853601583472
2025-05-13 12:45:00,26.162638722037926,66.08739361594243,88.48654508147959,63.82258295913381,98.28290990003292
2025-05-13 12:50:00,26.95334191953185,61.45184216985672,87.9191349041361,63.529475949648955,98.14861243438621
2025-05-13 12:55:00,26.517633642641062,63.748412108611674,86.31734258939775,68.60557979287988,97.85205201718215
2025-05-13 13:00:00,26.981767356004756,67.48395415941832,68.88222863897612,60.08692361300963,97.671154356568
2025-05-13 13:05:00,25.19359499193774,66.41676372217357,91.04064784987436,64.11076458104557,97.38070458536745
2025-05-13 13:10:00,27.46445210201471,65.5601758971501,85.32377164878997,62.13289312445457,97.22461229562082
2025-05-13 13:15:00,27.744274058124063,66.77070403214493,82.93445120394352,62.81157425017889,97.1195528816948
2025-05-13 13:20:00,25.121439530005322,67.80312259038891,87.79694103009135,61.114733900443554,96.9358207063942
2025-05-13 13:25:00,26.669145500747092,73.87239862074479,84.38002113689213,70.0,96.78741168905711
2025-05-13 13:30:00,28.0,69.40926107175103,74.45757245344859,59.15908971624539,96.51250906743165
2025-05-13 13:35:00,25.85889320516238,61.00372152618861,86.37166771045355,64.83254559617124,96.33351484791623
2025-05-13 13:40:00,26.509263260767437,66.37642988757028,79.61662635448397,60.65873449112394,96.11588488151804
2025-05-13 13:45:00,28.0,67.8973065545353,89.79057633085824,64.97466336297062,95.89979122165515
2025-05-13 13:50:00,26.71319300730683,60.0,81.32321455298306,56.53759227782002,95.72600725779843
2025-05-13 13:55:00,26.289198889286325,70.01387878896314,87.41922654682342,59.92809022148809,95.59046008061809
2025-05-13 14:00:00,26.106588032550707,68.16713905830088,83.35577908242983,51.27319148163858,95.38394089064201
2025-05-13 14:05:00,26.690549081716412,69.10575270012393,88.44111783759395,68.54059218133624,95.14349955435402
2025-05-13 14:10:00,28.0,69.90227403512006,85.15211929361801,59.86420054196243,94.88060637297983
2025-05-13 14:15:00,26.81809098487726,67.51882326365143,78.95876749995575,66.12020754585166,94.5923520618994
2025-05-13 14:20:00,25.015935308839108,69.56118782395237,85.65182673555027,57.49748225861253,94.45587259528548
2025-05-13 14:25:00,24.377978536479297,66.82689542954802,82.8211359863544,63.66890400314364,94.17142957800245
2025-05-13 14:30:00,25.750021881112534,69.05951366200779,77.8296048021614,62.88280635640732,93.95260852642144
2025-05-13 14:35:00,25.101034671042946,63.87561765532854,83.12319181035153,61.94790373600751,93.84637453824774
2025-05-13 14:40:00,28.0,60.529950231716,79.22169914881107,59.65816063390082,93.69146565555128
2025-05-13 14:45:00,27.331848023755036,73.40885094789904,90.58585850158798,58.018797709605465,93.57343554239543
2025-05-13 14:50:00,26.891557526918774,70.10014749787786,78.8411813935748,60.71858238401569,93.45807272103029
2025-05-13 14:55:00,24.467002213225864,62.47182687131293,78.68326483253375,58.88430772563262,93.25745849179653
2025-05-13 15:00:00,27.271185602182307,68.53996329741273,85.9894855576678,59.31923838349202,93.10361741772711
2025-05-13 15:05:00,27.087635019176385,71.94223366280377,80.55835637732652,62.05634905572691,92.9567570897196
2025-05-13 15:10:00,26.38953309573849,68.81682370887533,81.17637320821231,59.91219111383692,92.75217700107329
2025-05-13 15:15:00,25.283782615556333,65.34659191164921,74.68381675145386,51.752208436975444,92.48162296298828
2025-05-13 15:20:00,26.169809586620094,70.4990991334806,91.13426493939926,59.77867258459946,92.2573947777681
2025-05-13 15:25:00,26.987461901290256,67.38604549890913,81.19702474477616,59.3499692970095,92.09653274107461
2025-05-13 15:30:00,26.207815851385234,63.116416743225145,85.76658488954175,70.0,91.86399401903972
2025-05-13 15:35:00,27.268948959168387,71.3339923963324,75.93043733842183,62.92434175719043,91.636902894523
2025-05-13 15:40:00,26.65440260772496,68.5673543226851,86.09797899451382,57.10080056082522,91.48186981551159
2025-05-13 15:45:00,25.195473766357274,68.785497472459,83.80577662421655,60.61505475213094,91.23331893880795
2025-05-13 15:50:00,25.704209816210366,72.41670369824139,74.45300849893191,62.796859450107576,91.05537291133398
2025-05-13 15:55:00,25.772807029895574,67.8601968602678,93.0666722141121,68.023369420926,90.91245771194811
2025-05-13 16:00:00,24.830041465418354,74.52856616583344,86.81851107486595,66.35702315604779,90.75821950015322
2025-05-13 16:05:00,26.769112866889134,72.31753075609687,91.35134627623633,62.20346316413124,90.59753666265256
2025-05-13 16:10:00,27.850889819681463,67.54906819131112,86.17658384318013,65.79663284130378,90.41125335900207
2025-05-13 16:15:00,25.449647874034056,68.81452208234656,81.0710681887298,61.79393439506518,90.29881730658938
2025-05-13 16:20:00,26.13975932022671,68.13655243783097,80.90657193074979,63.150678658775604,90.18138127190804
2025-05-13 16:25:00,25.83122891253405,63.553918287356595,91.27222806121172,58.58417125326972,90.01821434850855
2025-05-13 16:30:00,24.974997978180262,68.7541878936148,85.19960813263316,59.196447796629684,89.72539411809744
2025-05-13 16:35:00,27.01959185301909,61.3989646311015,84.03847395521315,55.26820730122493,89.57718669902702
2025-05-13 16:40:00,27.16619145884677,68.38849920711202,92.0173429040792,58.75950816836417,89.46843371422159
2025-05-13 16:45:00,26.160769224823866,70.35092978109049,81.22074452961172,56.224306555078684,89.30535489765023
2025-05-13 16:50:00,24.449506593203175,72.02533183394735,81.88026930620312,63.470727165509075,89.07761413872635
2025-05-13 16:55:00,26.765773281040403,72.44193611626292,91.59752540269419,63.354536269555986,88.95432306169558
2025-05-13 17:00:00,25.05609952673464,68.80483836132167,85.5862474024354,66.65273587305374,88.6606854464216
2025-05-13 17:05:00,27.104426128474575,69.66130244538711,83.84070756382604,60.16033149056051,88.36666155920041
2025-05-13 17:10:00,27.035137286159888,65.19706656316613,87.91818881846346,63.84461111263484,88.2575946956503
2025-05-13 17:15:00,25.530817281751435,67.91177446043427,78.05916580808895,57.99812450183041,88.12788221953855
2025-05-13 17:20:00,25.13986329920602,70.8760262404324,82.82826637566991,61.92358427813193,87.97581593787461
2025-05-13 17:25:00,26.58972090006147,60.16358915399214,94.49629539941455,59.03597557975305,87.84532877713808
2025-05-13 17:30:00,26.27374599162046,67.28323972846484,80.78179745390604,60.14044245636941,87.65135231614681
2025-05-13 17:35:00,25.0465140836549,70.99252462390848,82.17298859015268,61.20963295858832,87.37157708896461
2025-05-13 17:40:00,26.88278863268251,68.93625878079537,81.00184745824008,63.02619867876515,87.23302537684766
2025-05-13 17:45:00,25.993165794877733,73.2773322929767,86.09785948601471,65.62412309964704,87.1249561754472
2025-05-13 17:50:00,27.75378031932763,62.73099937030293,91.96317793549514,62.133066503315845,86.99596262677532
2025-05-13 17:55:00,25.688011575269485,69.67162548054725,79.18239130570721,58.97140685546988,86.71310679340252
2025-05-13 18:00:00,27.739117023458476,74.95870280040768,82.12578137130163,63.02267725257194,86.56060523888321
2025-05-13 18:05:00,24.900124559860735,69.64314747042475,84.44863046355752,60.250998772260395,86.2989529131126
2025-05-13 18:10:00,26.545857236314554,66.2276602997023,81.68147895757475,54.02990347572159,86.18976837610441
2025-05-13 18:15:00,26.24568970356132,70.81096468103573,80.38125888891923,59.984517466838916,85.93523024893692
2025-05-13 18:20:00,27.316706491709702,68.6635389464811,86.27778087288816,55.535731827697816,85.738995144387
2025-05-13 18:25:00,25.939351407017522,71.33702165995074,85.95340754925594,62.96056395460573,85.4973989933001
2025-05-13 18:30:00,26.99413497577353,67.57727746523365,93.25564147157692,59.71057017239583,85.35872355983464
2025-05-13 18:35:00,26.58428231367863,66.8461850309888,75.70744820009362,65.38076316130056,85.0969514526947
2025-05-13 18:40:00,25.26498325171961,75.0,80.60975760633393,63.10355796635983,84.90309805658426
2025-05-13 18:45:00,24.539749384573277,71.57051412889497,83.19659749167624,62.96283457602518,84.6192309522528
2025-05-13 18:50:00,26.716468724920563,68.39294046101881,90.99149108793495,57.485609313142845,84.44163657368695
2025-05-13 18:55:00,27.0088392977954,66.70110879879573,85.18980209471712,60.56459851351687,84.3272987884172
2025-05-13 19:00:00,24.780131229908122,64.72979870946824,15.705841967264423,54.88292439401423,84.15454698914314
2025-05-13 19:05:00,28.0,69.57707241219194,18.22362122121747,58.51425636284419,83.99029612979021
2025-05-13 19:10:00,27.20664581315363,70.4515736492708,15.543743587816554,60.47797465217626,83.86206014686422
2025-05-13 19:15:00,25.3881555302272,66.30945664111896,14.891358447221004,59.65215174605176,83.60880283483009
2025-05-13 19:20:00,27.702519082626225,67.64677278701947,15.368621176565782,60.261768814949605,83.44040581098128
2025-05-13 19:25:00,26.210520806137733,69.2624299707232,10.545551675892916,70.0,83.30841000456616
2025-05-13 19:30:00,25.19619169605945,75.0,15.842903412952891,65.42921900237116,83.08071558226688
2025-05-13 19:35:00,26.34479373849205,68.66696381017624,23.753646181448303,65.27881794786724,82.90394525617435
2025-05-13 19:40:00,28.0,60.0,16.951044337759217,65.90830293995006,82.67098261123918
2025-05-13 19:45:00,25.858485742375457,70.81873133202366,15.824540662096242,59.51935664120411,82.43955371025609
2025-05-13 19:50:00,24.958890091792245,60.0,22.647433418091744,57.563880946755994,82.27654949940899
2025-05-13 19:55:00,26.810948653334965,64.87194022178448,21.120447275838238,64.5051930241982,82.06166651845287
2025-05-13 20:00:00,27.540703209000014,67.56477720675116,26.956216434729484,55.07520849104118,81.95180822224626
2025-05-13 20:05:00,24.738123865491772,75.0,16.13064038266504,61.08227406965266,81.69819168097274
2025-05-13 20:10:00,27.47571668269388,60.0,27.809098313015152,55.95680773145901,81.56729719262736
2025-05-13 20:15:00,26.121114111623697,67.19143116508283,16.630410510376123,65.9232159102584,81.35361239896905
2025-05-13 20:20:00,26.875224850717224,66.69493604864508,16.470022609377722,61.75437022401531,81.16716572070838
2025-05-13 20:25:00,26.34233211192736,63.00360855328808,22.548291652726405,63.25133343289168,81.0130853635559
2025-05-13 20:30:00,25.063547718484443,65.86509028385711,19.83897594932821,65.32314257350603,80.81676468530189
2025-05-13 20:35:00,26.64711357455879,68.46737285029988,13.73425064201944,68.60816204244591,80.70716286258745
2025-05-13 20:40:00,26.318486059442755,71.1097067623905,16.530031576918347,61.87658775958254,80.42242870383808
2025-05-13 20:45:00,27.48071103764559,68.70222053553758,14.124164739874223,66.28666425769168,80.22591850571052
2025-05-13 20:50:00,27.4759388982888,75.0,24.847561146657505,62.2241282808126,80.10343602966584
2025-05-13 20:55:00,25.9545610540151,67.6443800357718,20.891430438441912,66.33652000945939,79.87857842389536
2025-05-13 21:00:00,26.410214492860344,71.41947295483831,25.649277697247708,62.35929620290991,79.63700535891593
2025-05-13 21:05:00,24.610964135697866,67.38922682014136,19.35523168250214,59.67104469049329,79.46267894936854
2025-05-13 21:10:00,25.77714877671584,66.77663410212335,13.356218208190038,65.07983403517323,79.27156261381596
2025-05-13 21:15:00,26.196993187013362,69.43464180668089,11.26963452977743,70.0,79.06895041287365
2025-05-13 21:20:00,27.199546594594455,72.77179048369194,13.021647422302165,60.874095881278414,78.78741410708754
2025-05-13 21:25:00,26.174191819000644,66.86455361868703,25.496361489153564,59.800809395381116,78.64401861024562
2025-05-13 21:30:00,28.0,64.27191623914767,17.253224644616765,62.14010802445144,78.41837579609174
2025-05-13 21:35:00,26.70684953375847,69.86156738633576,20.98875586757352,55.41688182481596,78.1558399982956
2025-05-13 21:40:00,27.05402158380052,70.24313527114654,16.32242767705469,59.26178113132963,77.87900620599406
2025-05-13 21:45:00,26.476530780198715,68.68167819976824,17.485216565597362,64.68241308832978,77.77672850627437
2025-05-13 21:50:00,26.74353131640434,64.69142612485713,16.040752088109368,65.8504752763227,77.63404691397548
2025-05-13 21:55:00,25.066222288349906,67.70998263449798,19.263465746348594,58.0897155503594,77.3532828117918
2025-05-13 22:00:00,26.86098105112711,64.213340667209,14.894121896057875,56.92848941780595,77.0758133138204
2025-05-13 22:05:00,27.129843326385586,71.28550319813934,11.609251402053854,63.30649363985236,76.84121463200471
2025-05-13 22:10:00,25.224478531046362,63.14760925634003,19.194733238318513,60.01599525196206,76.59025896620312
2025-05-13 22:15:00,26.723296629684775,69.39889908526742,19.53451483288355,56.36974946565042,76.3757238740008
2025-05-13 22:20:00,27.128067956336878,64.91802800051424,26.931858326103256,56.84855552394057,76.13038893204758
2025-05-13 22:25:00,25.661733999763154,68.57264814001428,18.451251052100268,60.4588191998567,76.0209944079464
2025-05-13 22:30:00,27.221239500426105,73.09724247644697,17.562795386424437,61.29321500052314,75.91902037413918
2025-05-13 22:35:00,25.844149774198794,67.61396851243363,25.85595335528832,57.01280160192691,75.64637395135131
2025-05-13 22:40:00,27.385899386013243,71.53463933768735,18.66240871581174,58.1319028525134,75.3585118093642
2025-05-13 22:45:00,25.705666867786913,66.5843037953453,29.243265194499536,61.89064652645655,75.15761720730724
2025-05-13 22:50:00,26.560401879179466,67.8661372854422,24.56300548005929,70.0,74.86528129247408
2025-05-13 22:55:00,25.58900975096269,75.0,10.613878983837692,64.93577884473524,74.71731463534734
2025-05-13 23:00:00,25.64899405249751,68.6964838327575,25.82318870827125,56.40145554984425,74.58919041919367
2025-05-13 23:05:00,26.175182302916053,60.0,16.506765978414233,60.72883919598458,74.29967588358859
2025-05-13 23:10:00,27.31979288372667,69.42741581310506,30.853225761784632,62.36615995824663,74.00642063027165
2025-05-13 23:15:00,28.0,71.4860247387988,12.104240179502138,67.26058048968983,73.78231895275968
2025-05-13 23:20:00,25.739920321118746,73.23849960662193,30.00334519203194,68.9189867952254,73.49116028020194
2025-05-13 23:25:00,28.0,73.06210345335863,21.647155774922435,70.0,73.2945818939779
2025-05-13 23:30:00,28.0,63.65972442634107,22.382877983988536,66.19590998426116,73.04757986405612
2025-05-13 23:35:00,26.242032108534428,63.62291896110471,24.19320300639271,58.543970534435395,72.7948229665666
2025-05-13 23:40:00,25.88652811799672,66.00486656837572,16.047471539346752,64.99682442307194,72.68509260954885
2025-05-13 23:45:00,28.0,66.05415137182462,23.39289133866243,62.111947692680594,72.47764377754224
2025-05-13 23:50:00,26.277376144099172,63.27440561154456,16.764002635886044,67.34461403808788,72.24349359392029
2025-05-13 23:55:00,26.578047385474058,69.89673090256933,14.357675190926216,61.435993559115005,72.10221943072794
2025-05-14 00:00:00,26.904040547633084,74.6141852008199,25.011004270460305,66.37925779026627,71.94373748404396
