timestamp,temperature_C,humidity_relative_%,illumination_%,soil_moisture_%,water_tank_%
2025-05-10 00:00:00,17.032703071026027,87.71425347072417,3.537245685821917,34.49790795822189,99.48118428781594
2025-05-10 00:05:00,17.99932531227309,79.40937451373762,4.200895196745556,52.24866548040973,99.22546115106492
2025-05-10 00:10:00,16.07809192233459,74.25186920360525,10.80746164927096,29.129058057862373,99.01131662890405
2025-05-10 00:15:00,15.581190993269228,71.34389529328871,5.877269937283333,47.590952146951366,98.54186230312669
2025-05-10 00:20:00,17.396964443476392,72.66506189559074,5.81589805006305,45.1986929349778,98.08743442663146
2025-05-10 00:25:00,16.049568027382335,95.06660367506257,6.728474896779875,64.99921151006144,97.78110856012785
2025-05-10 00:30:00,17.66869001530028,90.32090750978143,0.2777242865570546,28.482207498818205,97.35059177748842
2025-05-10 00:35:00,18.13509923933097,82.60969619352274,6.829350650428275,64.75090817037491,96.7664882773492
2025-05-10 00:40:00,17.98464211881672,55.0,7.866486271748922,33.48975795042869,96.53064699158882
2025-05-10 00:45:00,15.309364973369465,74.79275511135613,2.8883042493335696,36.40359081502681,96.06209282326499
2025-05-10 00:50:00,16.827125726414327,73.4619969242989,2.865636412305051,43.715337482649005,95.80135174721705
2025-05-10 00:55:00,18.80012019723511,78.30858634070528,8.034338214832534,31.019796820800508,95.28157667023108
2025-05-10 01:00:00,17.184550633622102,83.69183889809382,10.986879458380438,39.95165064770406,94.87527356960494
2025-05-10 01:05:00,19.74702764714356,57.8647269933048,9.8743076245656,38.02042069081234,94.6055600291027
2025-05-10 01:10:00,16.255278343302557,74.91468268887394,8.969829768899501,29.922201276060996,94.17382247756028
2025-05-10 01:15:00,15.172452947176357,92.07185498581627,5.218554080120711,40.62720831059481,93.62409669983911
2025-05-10 01:20:00,18.67785766099229,84.2561745807099,7.203646238501692,47.4303624878839,93.28757625128853
2025-05-10 01:25:00,14.926108165307047,85.4392633908293,5.429426355316342,10.0,93.08289376486776
2025-05-10 01:30:00,18.141164017559817,80.026259255357,5.016622784494252,47.97257853503056,92.66422193539599
2025-05-10 01:35:00,16.538402295335278,91.67565309216592,0.0,46.05527823779451,92.19555908023221
2025-05-10 01:40:00,17.788202671194853,72.40037201275479,4.653146693995079,36.588721841304626,91.92056521855888
2025-05-10 01:45:00,15.600890676218024,81.08466680783344,2.0290646787827336,64.47686004047964,91.3485399432573
2025-05-10 01:50:00,16.189456473730743,87.83395581103541,5.0556328938229615,47.95813305890512,91.04902618007183
2025-05-10 01:55:00,15.865002742507095,64.32075205281677,5.931575536952745,19.68906949973383,90.69922420059977
2025-05-10 02:00:00,16.40341911824978,63.867557605506505,5.531877411565221,43.44118412690555,90.49494668712285
2025-05-10 02:05:00,15.374417269742892,57.56809550273123,7.864140985301482,35.47117335201398,90.08449807730932
2025-05-10 02:10:00,14.865432547786988,84.82298586570892,3.2319986707328416,46.97364937165355,89.85894471688354
2025-05-10 02:15:00,17.293256004422773,87.25209149799699,3.9535122504900153,52.499757520100346,89.47185610412241
2025-05-10 02:20:00,18.263805520157327,83.8693322663927,6.598096957172368,23.49202313268796,89.09589502363153
2025-05-10 02:25:00,16.157908649093066,83.7410893845823,1.175762960724617,47.66556164503792,88.49842672743264
2025-05-10 02:30:00,17.645452606190617,73.06597288489847,5.358072854545418,60.11823703135554,88.10714846431436
2025-05-10 02:35:00,16.37986899476984,89.01406758682292,5.819372168727059,37.90436775654993,87.60295326771264
2025-05-10 02:40:00,14.717299755857548,68.38560593794415,2.5874662186356656,64.79266835308307,87.0196701950726
2025-05-10 02:45:00,17.24228922514431,75.44343061523844,6.993343686205571,39.050994277140575,86.74007524354099
2025-05-10 02:50:00,15.392955476022808,81.30219876353655,0.0,17.161818290442575,86.48413446083943
2025-05-10 02:55:00,16.769690520689643,68.50179846800518,4.44237941400194,33.17964968747712,85.99820805503961
2025-05-10 03:00:00,17.514269493416727,76.86177941236575,6.703509261784339,43.388191781499735,85.75506632280751
2025-05-10 03:05:00,17.333305676376465,70.65957976379144,5.740327251119527,80.0,85.35635284765851
2025-05-10 03:10:00,17.519891735132997,81.83091839793646,0.1331539481200945,52.54619943886063,84.93579132446435
2025-05-10 03:15:00,16.28097055275317,62.75593299389271,5.937290338273122,41.80764223764723,84.6070132707428
2025-05-10 03:20:00,15.405324104785487,85.32776145838646,3.1307574559248197,52.24092157169217,84.39575661740297
2025-05-10 03:25:00,17.701877345418076,94.01643706578393,7.8351670484552205,28.62700516141308,83.96727429404307
2025-05-10 03:30:00,15.045367264918562,68.15071658794653,4.645904147807659,40.17506527021412,83.75891832245681
2025-05-10 03:35:00,17.26404579880421,82.57392748491286,0.08537976858853469,27.156047880385177,83.53811139321242
2025-05-10 03:40:00,14.801164344978542,71.63554449754109,1.8584558846971477,58.60898053080052,83.1325672900841
2025-05-10 03:45:00,19.355579399736843,79.9662193465088,3.9298417482420724,35.72955651839898,82.76412667024991
2025-05-10 03:50:00,14.770895842381012,81.98293441913029,4.739477022025401,28.154575651558066,82.19976126535738
2025-05-10 03:55:00,17.33171059868316,96.6800420579334,1.5389363647201586,44.47408627368298,81.88640317601742
2025-05-10 04:00:00,17.24739805540675,77.86807448348627,7.352473863647621,46.91684005118662,81.31114095420422
2025-05-10 04:05:00,16.617100341301743,86.91228772518953,9.575192940290155,37.03604856168933,80.7531600369519
2025-05-10 04:10:00,16.589487330657878,85.35540850376312,4.731015672295693,32.831842769900334,80.50567124936119
2025-05-10 04:15:00,16.926162652884067,88.87032998929499,6.562542924614243,46.39331313735304,80.0503522378388
2025-05-10 04:20:00,16.07654557120675,70.50454161673676,6.706374444247167,54.09101061014611,79.57691143613228
2025-05-10 04:25:00,17.15300619057355,84.43441602574606,5.509488516712308,30.53815882894702,79.36397697408049
2025-05-10 04:30:00,15.957295494493481,84.82587315053534,1.7570257074166928,48.517945712363854,78.89652129125393
2025-05-10 04:35:00,16.013496489396875,57.01625838723552,6.6652642629330465,60.23135750120737,78.33731790957879
2025-05-10 04:40:00,16.52452195878787,76.51210277431207,3.4403639477577865,44.466663936453905,77.83505782549636
2025-05-10 04:45:00,17.153178986594064,79.36820481601255,1.4814201859436569,66.97562553423406,77.2853318959225
2025-05-10 04:50:00,17.76802319937058,69.05483218319381,4.917569365504733,47.18531854062962,76.78774716669614
2025-05-10 04:55:00,18.28716380367397,83.18441236871966,6.081832194513401,50.25093208122317,76.43201474824022
2025-05-10 05:00:00,17.04639447223011,77.74497734093545,8.648600547208044,44.82870345744259,76.0987007520554
2025-05-10 05:05:00,14.569484890341842,73.04091069705143,10.943534517381444,29.96872939359327,75.59372636061497
2025-05-10 05:10:00,16.13875858498496,81.09826067402271,8.635887318790747,27.356400968442006,75.05630201271367
2025-05-10 05:15:00,14.534546544490574,83.47100524080969,5.538841100601799,41.02094260724751,74.47673499252593
2025-05-10 05:20:00,18.96960789903398,86.47938786722365,4.131355251460228,48.33879484124115,74.13353935456192
2025-05-10 05:25:00,17.966998972278983,85.26325255004595,4.324300149674043,51.17803872474282,73.74682738112233
2025-05-10 05:30:00,18.690185583701158,61.14887916986423,3.608263414412956,36.573204911912356,73.26881437562444
2025-05-10 05:35:00,15.376474315998838,71.1103172254751,5.2782984972890725,41.94712004415688,72.92067868021502
2025-05-10 05:40:00,18.360679000325057,66.03082740899735,9.928976399199623,64.53293917406637,72.4817015689474
2025-05-10 05:45:00,17.230858082180962,84.06972418634575,0.0,51.3911679391441,71.88887735797155
2025-05-10 05:50:00,16.66399161425224,84.42661149431812,5.851520487100461,59.1787003101409,71.6386423790945
2025-05-10 05:55:00,18.540704925568146,77.3912080237485,6.1225330903116495,20.43509450118328,71.1964314813794
2025-05-10 06:00:00,16.223725125065734,87.59828851620031,63.33151609306927,63.49829023062337,70.68161820978774
2025-05-10 06:05:00,18.346261564865898,86.59631833982317,100.0,23.262158527377856,70.2512616022741
2025-05-10 06:10:00,18.028236842554698,89.0570324766113,71.34607968330353,42.59119918608444,69.89106194153986
2025-05-10 06:15:00,17.192882947870682,90.03868779189732,96.0697941236329,35.30418904079025,69.3038666678378
2025-05-10 06:20:00,13.920211459027755,73.68868498174315,69.35136740669195,37.00872946527473,68.99277634929626
2025-05-10 06:25:00,16.873950996021023,70.29776591471875,76.13305535200215,33.71818693868724,68.78270152580357
2025-05-10 06:30:00,17.025523439797194,68.7134747978495,86.46153850690196,32.01088524654011,68.3866958553196
2025-05-10 06:35:00,18.57644729864674,81.36598437295258,88.75205898116472,21.046773836766526,67.8087318678741
2025-05-10 06:40:00,16.17931995691902,81.33945785224374,57.75856944693152,48.81115414810401,67.28851120525266
2025-05-10 06:45:00,18.420977782456788,73.84963352473402,95.27425983934963,40.44379304436948,66.8136134286038
2025-05-10 06:50:00,16.686118373531354,90.5607646510781,100.0,48.11690437432367,66.27359763551931
2025-05-10 06:55:00,17.91452230437892,87.85278134994407,69.73403646862657,45.485702574453,65.70147350018453
2025-05-10 07:00:00,27.551787196610025,77.43693930683547,85.39020620291642,53.26360139334039,65.34079765825237
2025-05-10 07:05:00,27.577714861163123,100.0,100.0,31.534718853691338,64.88171055500945
2025-05-10 07:10:00,26.65957952786137,68.02236438027549,88.27431024691103,52.768957748101265,64.5502226090861
2025-05-10 07:15:00,26.19754143399871,78.98368703634085,52.83340327120552,18.687628686394785,63.97810562913499
2025-05-10 07:20:00,24.074767184218743,59.60500214331566,85.22097129491493,36.0511563242073,63.50432452091088
2025-05-10 07:25:00,25.587799833608273,62.42307660697725,78.18276733182763,48.75727147100148,63.12916570897132
2025-05-10 07:30:00,29.377076787035847,64.46824202837152,64.16292586868236,37.094825705402904,62.79306947342604
2025-05-10 07:35:00,29.05795148449182,67.54499272246314,75.63890860001452,48.94738007918956,62.312027529321874
2025-05-10 07:40:00,30.210172420229718,78.5987678423371,49.742173372468045,25.57748280592312,61.71639949197429
2025-05-10 07:45:00,26.19434213011707,81.56039780243924,34.28145503574168,49.11008928050404,61.50106103656627
2025-05-10 07:50:00,27.90345592565973,85.3687192471431,100.0,65.5918459387033,61.006529373286014
2025-05-10 07:55:00,30.266995918380697,79.09182062619213,88.04539980407122,40.99102921465425,60.55281588041195
2025-05-10 08:00:00,29.525607243458882,58.75080707124032,15.568292994483592,38.63167817962013,60.05249241557646
2025-05-10 08:05:00,27.745392197962058,80.41850554118152,58.32185371373883,43.21331042345806,59.514457611305794
2025-05-10 08:10:00,29.828112785933783,85.76257333220447,68.97938112686198,38.28276143712233,59.24306799886938
2025-05-10 08:15:00,27.338405800328438,73.51140602482033,85.77951515582454,43.33157005816833,58.88532673615834
2025-05-10 08:20:00,24.257691028618762,70.61304634432229,87.3616551183847,34.82438929804265,58.46110223147474
2025-05-10 08:25:00,30.9852090548745,100.0,83.40127390916211,22.262017138454475,58.158856119823454
2025-05-10 08:30:00,28.947866172190995,77.97372904558031,100.0,48.1845088191585,57.905146062155566
2025-05-10 08:35:00,28.844188855184687,73.98119874548117,100.0,43.56017250654512,57.351214797823765
2025-05-10 08:40:00,24.53221047745474,77.01005935249397,76.26376419426984,44.980374618367804,56.811628622940106
2025-05-10 08:45:00,27.546217246152818,75.00473267196773,83.04077416786161,33.22358822676483,56.34889267312874
2025-05-10 08:50:00,31.506813767556967,86.99753275264037,72.36620018842046,17.972816852661317,56.093014982063615
2025-05-10 08:55:00,29.501822521875663,80.58231005777492,72.87479742469174,49.26320937442411,55.692845797937935
2025-05-10 09:00:00,28.324649147121185,57.69558205250485,15.443099382327873,37.80596229140067,55.187361886424945
2025-05-10 09:05:00,31.56736152177284,74.29859696172284,61.80447906851345,53.29945656609598,54.936775029289656
2025-05-10 09:10:00,27.662906902149174,78.61432650628761,76.83244926127529,21.59720144823431,54.67302442267606
2025-05-10 09:15:00,27.70992137256112,75.53075870507178,94.97436756423473,30.03716701908,54.2401136890653
2025-05-10 09:20:00,27.664990640767716,72.27792813315664,60.46133563344398,47.957466657865055,53.99149606315797
2025-05-10 09:25:00,25.142773038341822,93.80141915750332,70.81590001292997,41.85510075048964,53.654213681053115
2025-05-10 09:30:00,27.223560284934905,67.68017904397043,100.0,40.14503868299921,53.29657263723316
2025-05-10 09:35:00,24.12575373901577,76.37143161710804,46.503007919292834,39.78152542505325,53.04831155736183
2025-05-10 09:40:00,30.332612963569304,72.35987908450979,72.20981069943144,48.26618826473601,52.66953016047972
2025-05-10 09:45:00,26.847199626258153,71.035938508762,40.80936908321184,50.91670935372842,52.3590226543984
2025-05-10 09:50:00,30.42735086588198,78.42358266490749,68.02083578157954,32.57695384446724,51.822030127313695
2025-05-10 09:55:00,30.92829633161571,85.42561515577407,65.16242069678592,52.28929834536629,51.514791092818264
2025-05-10 10:00:00,25.735895728704598,67.6125340101056,98.6949452326945,43.84960244974314,51.027598229937844
2025-05-10 10:05:00,27.578634119202356,74.79502042612351,62.48169026144491,63.0882881740551,50.61897506391939
2025-05-10 10:10:00,30.67387382022853,78.90389424625317,100.0,62.79187840943969,50.15190993514836
2025-05-10 10:15:00,31.92756826705783,88.02430081901177,61.608982085573984,29.039555329488252,49.80507568737958
2025-05-10 10:20:00,26.346940252573287,74.89235889184313,80.0604978529384,28.87351175103306,49.22110779454128
2025-05-10 10:25:00,28.470704708279932,84.70579172667279,24.99813811809667,63.106456508881415,49.01885033911281
2025-05-10 10:30:00,29.462062699830287,84.55893340486003,98.86376801567351,18.38030216545019,48.54164819305493
2025-05-10 10:35:00,26.26854633185877,76.50287581978411,100.0,25.126090112957062,48.1277756156226
2025-05-10 10:40:00,25.962459360580972,74.36149828557151,81.17435096736534,57.78628027801666,47.81571653636769
2025-05-10 10:45:00,28.257297875104232,66.12464989867678,100.0,60.16980477875492,47.28423089221438
2025-05-10 10:50:00,24.780903378206123,86.31093821476901,80.13880639936245,33.60244447595246,46.843433746639846
2025-05-10 10:55:00,27.05849286403764,87.15990817423555,100.0,70.9577954840079,46.403703306035936
2025-05-10 11:00:00,28.91436543923395,58.18801132626152,90.4614149212214,60.28018083378708,45.939006756467805
2025-05-10 11:05:00,30.35886949480781,78.02357450512841,59.07315933639945,40.974711644767204,45.552833473567034
2025-05-10 11:10:00,27.818757083109784,55.0,86.885645760879,38.434125002029106,45.099890799075034
2025-05-10 11:15:00,30.40513896347195,79.63268048541742,89.72328576661883,39.54007412202044,44.765548660983285
2025-05-10 11:20:00,27.934679032333783,62.97853585261251,41.350682804326986,21.425456679447574,44.32560594061067
2025-05-10 11:25:00,26.63301042611274,77.51144974129521,100.0,57.20939246044472,44.097629762842274
2025-05-10 11:30:00,25.928160889639006,67.91884299302679,56.291665793518014,45.58181877965416,43.88379945095053
2025-05-10 11:35:00,27.788411339700406,73.20985655280123,79.56027724090872,32.99638320418518,43.50617865949898
2025-05-10 11:40:00,29.596328355365618,72.13146511648921,92.58474598726866,40.73131421834545,43.25677160354949
2025-05-10 11:45:00,24.88927205046318,72.89718999031636,88.93425768864023,67.95671119004199,43.04249085212624
2025-05-10 11:50:00,27.858975185311483,87.97807624445436,98.50979700578654,38.009671370799175,42.5346148285455
2025-05-10 11:55:00,25.80245837001301,100.0,100.0,23.71578979373002,42.14958608236814
2025-05-10 12:00:00,24.2527359351287,81.42494476528647,70.99311714628666,28.452859338492317,41.732557902170036
2025-05-10 12:05:00,28.150889238060007,84.17965189509728,70.88979328745428,41.251803004018555,41.316231059827004
2025-05-10 12:10:00,28.081267258542848,79.83975252669995,41.816314978122236,26.286529005837266,40.85254331999299
2025-05-10 12:15:00,27.93730732610515,75.38941347467365,100.0,65.52356655062772,40.63794000574481
2025-05-10 12:20:00,27.551769321643505,83.21974777603559,98.75122582585618,44.22948918399793,40.338955108829296
2025-05-10 12:25:00,29.29750810759525,86.11957466399082,82.74706946401541,49.19358565730959,39.87870555531236
2025-05-10 12:30:00,27.62246755371439,65.07773061208151,80.97742372418391,14.634566758876769,39.353458460309724
2025-05-10 12:35:00,25.76606723275454,61.88156123546878,89.33046221237973,46.473964036294326,38.86817506340327
2025-05-10 12:40:00,28.352161407169802,80.47988743820981,88.25509281979186,72.50072506388281,38.39203460509177
2025-05-10 12:45:00,26.377216694956783,64.72965861211873,84.71119104565402,19.03141450995828,38.12913148258906
2025-05-10 12:50:00,26.02980417738235,70.98910643342045,53.47528589327707,53.15198769031316,37.60556208803295
2025-05-10 12:55:00,28.52659791300629,69.17505768536586,88.69898115751977,30.90896895555685,37.30073257601571
2025-05-10 13:00:00,27.07365133100949,63.36039469639606,53.015541121636105,54.115964789531624,37.05650411957171
2025-05-10 13:05:00,26.899435516718547,80.031055430289,47.91840692286317,49.44208194362985,36.660926889975464
2025-05-10 13:10:00,26.485565722539384,83.36092633668767,63.02203697871398,23.626554000317693,36.31563204262533
2025-05-10 13:15:00,29.569963896891576,63.16802542173446,51.14324049300068,38.37061327339,35.854368208150895
2025-05-10 13:20:00,27.090652976027602,73.02568076467095,90.769615392067,35.29845677951075,35.65052156244339
2025-05-10 13:25:00,26.97487216011697,60.465419190783265,37.963279268430774,66.00496338754698,35.394116970193735
2025-05-10 13:30:00,28.867282009870326,75.7529032737677,47.28379118944568,34.35257089570593,34.94757709875341
2025-05-10 13:35:00,31.280082353029513,83.29641876246414,61.68886661472321,32.54442558714393,34.67433507474704
2025-05-10 13:40:00,28.276869604881288,65.69193510320201,54.77733149228638,10.807969111805175,34.31825455497249
2025-05-10 13:45:00,27.653189172812368,77.91768767064357,70.08859847720994,46.89186100003234,33.73092369071919
2025-05-10 13:50:00,29.393928616498467,93.97489602994237,78.2788679377094,49.12648749630643,33.32265954529125
2025-05-10 13:55:00,26.632138691168343,78.79458813710465,91.94685587736377,35.923383343132016,32.93642572840088
2025-05-10 14:00:00,32.16863646346121,61.57727917984339,76.2173919506455,49.19620368100576,32.45125982470127
2025-05-10 14:05:00,29.544618840243505,79.45280757017139,74.60663654619873,46.95230107817046,32.060269894153784
2025-05-10 14:10:00,24.7232911651644,59.706188137788985,68.63459409523986,42.09435218312735,31.492348670750605
2025-05-10 14:15:00,28.35667070996154,94.34346126344762,80.15312432534454,51.26633118409685,31.093574289326003
2025-05-10 14:20:00,25.849507444304717,100.0,49.54443063090717,37.02940941776049,30.777010809890534
2025-05-10 14:25:00,27.81507150132816,75.57718357204989,61.24198566959733,42.614205035700536,30.539195530639986
2025-05-10 14:30:00,25.74471392250542,90.59361931944541,64.1962791367263,32.10162048798803,30.135643186409034
2025-05-10 14:35:00,26.173422343128923,85.39781641623341,96.74986344144743,55.15657401560087,29.68709812629417
2025-05-10 14:40:00,28.811263118639786,68.21028950872183,93.12039132646035,38.90682024804591,29.38668602681467
2025-05-10 14:45:00,30.94322930290854,55.0,96.72028241951077,53.72590583317036,29.183565981220852
2025-05-10 14:50:00,29.05810219949374,62.260843289271776,98.01873213244482,30.03691283307404,28.943262599018404
2025-05-10 14:55:00,29.940531229967515,75.11301878082746,51.57384682633194,22.772355840440078,28.53340321756812
2025-05-10 15:00:00,28.590736536339172,72.51823304538866,82.45983101389311,51.06163996272062,28.093194362153454
2025-05-10 15:05:00,27.6368599139494,90.76882912491102,62.99719070552297,29.651606400702963,27.820513267931066
2025-05-10 15:10:00,28.77312168773839,80.01159332451188,53.51364010601861,24.87367596280951,27.43554244642319
2025-05-10 15:15:00,26.709851915328127,78.1175723165411,64.10531196989984,53.5482867137501,27.093313018923567
2025-05-10 15:20:00,26.91629028019936,80.18805687255687,75.24170309970974,25.829792361753036,26.688986105228242
2025-05-10 15:25:00,25.926980677628535,67.28193110722624,65.4029923533519,12.891557071591333,26.184995119298762
2025-05-10 15:30:00,28.980833929322593,89.5047216831248,70.39129543809088,57.72406846160705,25.78653411771252
2025-05-10 15:35:00,28.332994341054302,78.83659402601802,81.64823085309624,50.720985094742716,25.527344177087535
2025-05-10 15:40:00,28.138055622408775,69.97764259775704,80.60907535450337,30.02438379596908,25.000560986689713
2025-05-10 15:45:00,28.517371383718498,92.21238217095491,100.0,10.0,24.656864744047574
2025-05-10 15:50:00,26.744142631881893,70.03055148141685,74.46181808303153,42.91400421604283,24.09041270567291
2025-05-10 15:55:00,29.18115587251777,81.68475854313225,38.97755520451993,44.36135193536932,23.540344344753656
2025-05-10 16:00:00,28.192792701920595,82.27993924737459,85.18514301234714,50.734028135884,23.15413495850641
2025-05-10 16:05:00,27.0505235920343,72.34144850465606,67.9505141672941,52.75787070130052,22.896721727977752
2025-05-10 16:10:00,26.6295907540697,96.37397155925368,76.20655408268972,36.34342745931189,22.459580688415638
2025-05-10 16:15:00,28.07391964069879,75.22918558963116,95.4200243793874,35.50892511190167,21.865990786073827
2025-05-10 16:20:00,27.743464829636046,80.11793090666038,35.667808829810596,66.44509600996281,21.58408765073618
2025-05-10 16:25:00,26.910622848904932,95.70699884826074,100.0,36.9631840580851,21.219148080040213
2025-05-10 16:30:00,25.99155058212797,100.0,82.51654213770829,24.577548892694097,20.9296784496366
2025-05-10 16:35:00,30.211091038527613,100.0,57.96967618140576,12.904817234664144,20.3481675052878
2025-05-10 16:40:00,30.091991134554164,68.7976971074061,71.12037633687606,39.655017244293326,19.8673525402667
2025-05-10 16:45:00,25.097861182055965,75.37845926721535,100.0,15.665179000483157,19.461968156240395
2025-05-10 16:50:00,29.19190127927374,64.35986983343219,81.44113230989166,42.36050045677263,18.989455689034727
2025-05-10 16:55:00,28.295211648510705,76.26402712077709,81.53197674729905,56.01267448991089,18.620942852400656
2025-05-10 17:00:00,26.488834964772394,65.85534878632325,97.29585366557617,10.0,18.06555435789606
2025-05-10 17:05:00,29.54413792621476,71.08726388878449,60.76152495847439,39.17412115144262,17.526656927145
2025-05-10 17:10:00,32.7715585760466,86.15316529853123,46.896164296889324,65.15700998002222,17.02962706480502
2025-05-10 17:15:00,27.70803568833019,59.34717201421327,85.16007830644566,14.240521860285767,16.58335440515657
2025-05-10 17:20:00,27.1637395960492,70.87312303285736,50.27032943452302,42.92097215256493,16.14763722996801
2025-05-10 17:25:00,25.242225875602685,84.6862075785557,54.42962850996132,54.14381396733017,15.827001005649693
2025-05-10 17:30:00,27.25498132902854,86.29024860494503,98.67172876272419,48.67870803561539,15.253144358988228
2025-05-10 17:35:00,28.547080363374974,61.80887261323147,58.996459534181895,37.42395484346291,14.89488388595455
2025-05-10 17:40:00,26.93572106912677,87.78955049920238,71.46767372258134,39.17900979834418,14.468348338838041
2025-05-10 17:45:00,26.240669066252444,68.41656816220764,83.12202453497461,50.26454035092909,14.093438624948918
2025-05-10 17:50:00,28.38798819882114,77.39033516584244,74.80894560303082,40.01191650071286,13.79146744990589
2025-05-10 17:55:00,28.7953325952389,70.32338248804112,77.67645538405364,36.407255909348734,13.311220466022698
2025-05-10 18:00:00,30.622952484149366,57.82415156609192,34.717334249839894,45.62818008022383,12.988754443503446
2025-05-10 18:05:00,28.45845027973818,76.04655003137769,75.22509818904909,34.06129383380425,12.542999312779394
2025-05-10 18:10:00,29.184640796490584,67.64382707927291,84.25041602939805,45.204169419033164,12.166999233274595
2025-05-10 18:15:00,28.368002236797036,85.89053908294746,28.608247652733716,59.31164017964246,11.951405800578334
2025-05-10 18:20:00,27.484665916463722,66.57124986080808,99.66443268746558,34.659466960439865,11.646212541703111
2025-05-10 18:25:00,29.38286640157565,92.50921569902034,73.04595717275951,59.1676227520157,11.277608947015475
2025-05-10 18:30:00,24.59390735070843,56.94387817360659,82.28976720168922,29.217803691598785,10.938899232743369
2025-05-10 18:35:00,29.093684281886972,90.73761784743343,73.37804859659617,41.94595609206658,10.357140571673071
2025-05-10 18:40:00,26.6328363756129,79.47317311604874,79.8926181513357,52.931488626216655,9.85304383423499
2025-05-10 18:45:00,28.97999490654295,73.95631015135626,100.0,46.71454758789002,9.280416814760645
2025-05-10 18:50:00,26.50971478446511,84.31514290124584,79.77463849783545,34.86534131984209,8.718881848151135
2025-05-10 18:55:00,30.221931665426315,82.60984020166596,100.0,23.430927453416416,8.235941065278215
2025-05-10 19:00:00,15.92978426567689,85.39713613708882,1.3377328095584677,34.98969538555449,7.842841480216258
2025-05-10 19:05:00,17.092634360789557,88.57890270636217,5.766354375744001,65.190688596408,7.322773591185005
2025-05-10 19:10:00,13.472235912064793,68.70000092856667,4.934941881713307,41.46488487025288,6.725353349735199
2025-05-10 19:15:00,16.006542266905733,78.4279291122153,0.0,45.394659047831276,6.204137842195236
2025-05-10 19:20:00,17.995949792239436,71.37281395241982,3.820915488560248,65.32484195576771,5.869898678344147
2025-05-10 19:25:00,17.278957448010207,70.9916703856962,7.1482715820798415,36.7300590410394,5.538428986074049
2025-05-10 19:30:00,17.58469420956736,77.52451092897631,2.0858623932503364,51.410037486137114,5.0136787038720545
2025-05-10 19:35:00,14.906118226303747,66.9578499611806,6.451379945106223,55.04886472053173,4.592738062522992
2025-05-10 19:40:00,17.417702192936027,76.99229248111791,3.4702233257583996,51.22647551269885,4.046559631320726
2025-05-10 19:45:00,16.969531629917498,79.86189548461894,6.5838592558273685,44.24832015982322,3.6343785361429233
2025-05-10 19:50:00,18.324933922298538,70.38627451426757,5.656947536048833,51.9691565210817,3.1136635936196204
2025-05-10 19:55:00,14.501373189741786,74.7501711782193,3.4996848668651763,42.77598984619199,2.8854230667757346
2025-05-10 20:00:00,16.906929962919822,95.98731365631662,0.0,45.03508280152758,2.461139132821731
2025-05-10 20:05:00,16.322413845479545,90.20412869050656,8.275462669899317,37.958854778523,2.102283215862319
2025-05-10 20:10:00,16.47059127411213,63.75783355843126,9.636833044721133,18.784844104152064,1.7880234482393909
2025-05-10 20:15:00,15.686012375017249,83.32400261117975,5.845917206529831,28.71428959438135,1.2824242107970927
2025-05-10 20:20:00,16.94701049919709,82.95779905596723,2.768372748392499,49.044443763846026,0.9238165468951687
2025-05-10 20:25:00,15.646208049818068,73.41635888353522,4.930644543370378,45.423939687161244,0.398671968134229
2025-05-10 20:30:00,15.722392286791479,72.75728137210925,1.951293245440882,27.287736795791215,100.0
2025-05-10 20:35:00,17.860988200975246,55.0,7.149958005796909,42.83420748203625,99.71799627197315
2025-05-10 20:40:00,16.8418805183682,87.94531644665449,6.600308253378989,56.82167989728207,99.37749155617605
2025-05-10 20:45:00,17.28103721195286,92.85164046321867,0.0,41.77506096205433,98.78851879594757
2025-05-10 20:50:00,17.456639021123344,80.548434821059,4.91922833629626,30.412334635330208,98.43036622145333
2025-05-10 20:55:00,15.907225909900252,83.96186740713753,2.3996193073317844,61.749890624931126,98.08373967206424
2025-05-10 21:00:00,18.96585594647558,66.41469848822825,3.0167609746979567,38.60965862059034,97.48865707168493
2025-05-10 21:05:00,17.061508375572775,82.96886146139802,4.850749669238254,60.501761423217914,96.96317083294073
2025-05-10 21:10:00,16.145558843077186,76.14489189142382,4.757913334344609,35.61416043281824,96.40661720487348
2025-05-10 21:15:00,18.30753542950475,80.76129767717279,7.043958381211949,43.44351634197659,95.85438990154668
2025-05-10 21:20:00,16.160623686279244,74.30082664930737,0.0,36.94245458234324,95.6126383692329
2025-05-10 21:25:00,18.70698834952451,91.3223927841478,3.599519210482149,19.960501575652437,95.05931143170669
2025-05-10 21:30:00,17.29513189641141,77.32212771959318,0.0,22.645862216641227,94.64790247635865
2025-05-10 21:35:00,17.485636739882434,64.3770184249772,4.199170579308374,34.618494061305505,94.25316920257285
2025-05-10 21:40:00,18.840556760193387,62.924150159102126,4.468760858655495,36.62161672509625,93.88445089513687
2025-05-10 21:45:00,20.169508869832093,61.730823297889785,2.8055019712780123,37.1949401009677,93.62435578848303
2025-05-10 21:50:00,17.435327724509435,91.15503414659392,9.374154333990596,52.778137022449854,93.15148258509387
2025-05-10 21:55:00,17.932643016659455,76.11447813432636,0.0,49.79692418746848,92.89949389516192
2025-05-10 22:00:00,16.16100003757914,78.57597356094159,5.868747200388028,62.24965220163443,92.31970767375839
2025-05-10 22:05:00,17.697934880312165,90.30331678687364,3.948339433429309,50.081183482574126,91.84264887657771
2025-05-10 22:10:00,15.790820950632083,77.2467493410795,9.791068393498284,51.66393181027091,91.26368595578111
2025-05-10 22:15:00,16.380444972283016,65.77419643568422,5.767228439877215,40.200663300805246,91.0310059882189
2025-05-10 22:20:00,16.818725456294736,62.0305779954231,6.962503760202056,33.98287076430381,90.543628010958
2025-05-10 22:25:00,17.287557830209614,73.919004824879,6.515550439507193,66.23338196660355,90.12679101031787
2025-05-10 22:30:00,17.910063690650677,61.01282814382845,4.980758788767817,53.51914569843414,89.55863023544812
2025-05-10 22:35:00,16.093926608706703,91.39263276981254,9.522698545677123,10.0,89.20567734691309
2025-05-10 22:40:00,19.326920590858897,84.20796136797934,2.3531163586498147,49.4205977433388,88.7830119543057
2025-05-10 22:45:00,17.634228455913224,56.2931656211837,11.844199260203215,56.11406428850271,88.52761644630455
2025-05-10 22:50:00,16.874087406058468,94.66660673031251,0.0,41.9119795215047,88.17561073191554
2025-05-10 22:55:00,18.47329729610656,74.7752539803228,3.1599681770654295,35.60099180208048,87.88556590026074
2025-05-10 23:00:00,17.841171311089113,89.50835800289984,5.6480944461045155,27.88964709247692,87.67479128006889
2025-05-10 23:05:00,18.255638110448242,78.83337549683996,6.053383529596255,30.138782503992836,87.22125109348033
2025-05-10 23:10:00,17.3668409035274,83.87477149954441,6.621239318476487,46.42393963090128,86.71480435484034
2025-05-10 23:15:00,17.774019143895302,65.90738633266515,7.803523891845204,34.504956387428166,86.36946038167976
2025-05-10 23:20:00,16.55351760481559,79.34740121357702,3.069382036205231,41.51925878178939,85.85271721084096
2025-05-10 23:25:00,15.755235485659982,62.743638551569674,2.6794939092252803,38.08692065090099,85.31880418290491
2025-05-10 23:30:00,15.501294544741631,56.53014304870128,8.499709960046165,36.97426417899584,84.7821697510908
2025-05-10 23:35:00,19.047622124997126,60.746166620001375,1.7064492337485424,40.21318358408259,84.27881919735349
2025-05-10 23:40:00,17.28905564726574,77.21371305040691,2.536636217893105,29.527651642631362,84.06464118022896
2025-05-10 23:45:00,17.417158403890927,84.32446091239007,5.843022810748092,27.562730660017245,83.72191821288631
2025-05-10 23:50:00,15.631147916316408,87.19176341053114,9.943337623338268,45.987552738880126,83.46177327547076
2025-05-10 23:55:00,17.257556717271836,69.37646658722264,4.902763495240696,52.856979364363866,82.93767467991677
2025-05-11 00:00:00,18.466431374673657,78.67569459847222,11.657478045051722,22.079840612114566,82.48154088204808
2025-05-11 00:05:00,18.771912472228525,69.79016545425651,2.77999224679939,48.077995015935386,82.19196316117427
2025-05-11 00:10:00,18.245053950959957,68.3034554743355,6.452751590582774,41.24826654739713,81.8506830724493
2025-05-11 00:15:00,17.781164584203584,74.36973809928337,8.491740327122667,46.66654220051574,81.51923843954437
2025-05-11 00:20:00,18.765152411019745,82.2326595810829,3.8659738810108975,52.208973291398095,81.12126624003963
2025-05-11 00:25:00,16.022366593306717,57.55746395088681,0.0,26.607929013677772,80.82752506075694
2025-05-11 00:30:00,16.742444876755712,86.69558947736398,3.5341739533407,58.23437674785551,80.36701369695706
2025-05-11 00:35:00,17.810201408541438,79.15099735586755,4.094318639788811,55.53103190200392,79.80779228746744
2025-05-11 00:40:00,18.093601933335027,80.72706483498654,3.376772589925548,58.75535111983507,79.56649612843864
2025-05-11 00:45:00,17.362423608641905,97.93705725925496,5.975986813523247,34.032441914915836,79.1480316506016
2025-05-11 00:50:00,18.848052790125287,75.52158709061408,6.805150683840726,56.93723162685215,78.62389437219849
2025-05-11 00:55:00,15.25672535413969,90.69815192594932,4.654673261472618,51.990629080493925,78.16850345334687
2025-05-11 01:00:00,16.167981950822064,77.34972727876402,0.0,43.97466666051281,77.69072912903763
2025-05-11 01:05:00,19.474993093062633,74.49756755499594,6.179182508289633,36.910999499298136,77.24286757623851
2025-05-11 01:10:00,17.218002067110483,77.37295006107108,0.7925056871841045,47.69354838048436,76.73597210506905
2025-05-11 01:15:00,16.229399787476478,74.01073628258789,4.609849360032138,36.359499232142475,76.2879135435226
2025-05-11 01:20:00,16.88655404136894,86.72821206156652,5.387824284757375,65.24491184300317,75.8325931293288
2025-05-11 01:25:00,17.116047729388182,79.6763821272887,0.31795925482514864,51.883493939944444,75.39633821646392
2025-05-11 01:30:00,16.726967746046487,60.704017290788144,7.7747995123176725,39.41556974391825,75.02867587112263
2025-05-11 01:35:00,16.740849850654005,77.62362487615697,1.8439038169242004,57.5021983240985,74.58505112550873
2025-05-11 01:40:00,19.059510202600965,61.20942283521181,5.3015899175852,57.443856476745296,74.2633150470709
2025-05-11 01:45:00,15.732919987059685,70.81571926498258,5.433180834745796,37.16443085726199,74.00151712993741
2025-05-11 01:50:00,17.69723389643714,74.11371759141889,6.326256028557937,46.438485286593256,73.73066060911108
2025-05-11 01:55:00,16.635358778663377,91.90860362708692,6.928574696234208,33.176309729199616,73.25058388667127
2025-05-11 02:00:00,20.301558705401984,77.43222880027812,6.478870896987595,58.25475925630506,72.65106321474347
2025-05-11 02:05:00,17.59517113487174,77.34906055539847,7.017901911538815,48.355546490185155,72.12943775827732
2025-05-11 02:10:00,14.853060138448418,86.13018075208382,1.7693511359594263,29.494396535900393,71.8728944521065
2025-05-11 02:15:00,17.031179396313927,92.30437142645224,6.2305527408432395,36.8913749083273,71.32395842484877
2025-05-11 02:20:00,16.349768658883445,100.0,2.225767711305787,44.19553135942631,71.08930395645629
2025-05-11 02:25:00,16.80947347465134,78.22957243578561,5.083002231839352,34.35595797954637,70.75413799834314
2025-05-11 02:30:00,17.691287793106564,79.4696485981857,3.0419317428853763,50.728499028928596,70.53052700370256
2025-05-11 02:35:00,16.674913748834083,88.59747505591656,5.095481163198926,41.70261273698875,70.19510762133507
2025-05-11 02:40:00,16.27307561496988,97.42177048409583,0.0,63.77732448466951,69.62294414134222
2025-05-11 02:45:00,18.767521138133606,72.80905553760542,5.834579361680287,54.674820008859506,69.36483385090384
2025-05-11 02:50:00,17.588645711385098,96.62787871609726,2.001884403762437,50.0188538719882,68.96850718686969
2025-05-11 02:55:00,16.50071916841521,82.32274388628765,5.879655834973333,55.226224087553824,68.56738394756098
2025-05-11 03:00:00,18.351364872778127,64.84595788182123,5.7081786452873375,34.24013089048854,68.2965642173411
2025-05-11 03:05:00,18.960896193109765,64.67350617014046,9.01720754706278,49.45447417135928,67.90553236849884
2025-05-11 03:10:00,18.023494670769338,77.62019979337187,0.0,36.12128610934161,67.34527135833102
2025-05-11 03:15:00,18.569456487082274,87.2430858463959,3.0964757057023133,38.82317110200643,66.8626408302947
2025-05-11 03:20:00,15.401969838781332,87.7534599904427,3.6293249511025234,45.63212088090723,66.5866089928669
2025-05-11 03:25:00,15.751787546256548,61.6126527863923,1.8248290772337352,33.22188325791278,65.98791487052428
2025-05-11 03:30:00,15.577636381840916,74.89101114276565,0.8725041250836361,34.814949247015925,65.40468975178219
2025-05-11 03:35:00,13.154989004141033,87.62803566628658,4.354761446827942,45.287127773567214,65.17080032543313
2025-05-11 03:40:00,16.96686750662587,82.31923297817349,5.792928738865697,57.45001144096086,64.96154671802245
2025-05-11 03:45:00,17.113037065128314,87.42259306224028,1.1201563026257366,34.5443992437374,64.74319015033656
2025-05-11 03:50:00,15.087146520188503,72.56738605034852,0.0,50.98800999773939,64.19279340811856
2025-05-11 03:55:00,18.987500639228536,91.55144945620675,0.2274372766872963,35.011415795992335,63.94304101364261
2025-05-11 04:00:00,18.061851048125238,66.48056317622915,8.539611511705694,40.52069862825952,63.609179286711885
2025-05-11 04:05:00,18.492653034144016,73.74202176295336,3.4167568481358312,54.98521373966871,63.3455080155643
2025-05-11 04:10:00,17.967502937176608,68.58596747470622,5.883756510712687,58.6468357148956,63.070306703211486
2025-05-11 04:15:00,17.084984694904296,76.6733084698102,4.583339035294515,55.59542737278808,62.76655589816383
2025-05-11 04:20:00,15.726420939017208,68.99572541106184,7.383318367144452,23.945097899145527,62.32461396033755
2025-05-11 04:25:00,17.225358786971572,64.07832640225308,5.588692692776873,16.895962423169067,61.87088825649833
2025-05-11 04:30:00,18.992832509359758,77.80006702857595,0.0,37.23540683037893,61.27535679494511
2025-05-11 04:35:00,15.447651742582506,78.56838019351487,5.981343683590343,44.18905058895699,61.00834729874599
2025-05-11 04:40:00,17.610965620106963,73.50969473956137,0.0,42.76328327055005,60.41812652102426
2025-05-11 04:45:00,17.402405285622116,64.4515654432758,5.701541923841731,36.720436613144,59.83418491634998
2025-05-11 04:50:00,16.436977555852017,70.49545656789729,1.077749865564428,58.32811137738606,59.30826132154604
2025-05-11 04:55:00,14.800380840460416,79.12894799427785,1.4975901951662083,29.154016260247865,58.968971784128264
2025-05-11 05:00:00,18.65434228004979,73.13132491456973,5.656976825121492,53.17027922498414,58.41278858482561
2025-05-11 05:05:00,15.29590843211466,76.44926230551793,3.7839915144513405,61.15284209196615,57.889659241710994
2025-05-11 05:10:00,18.932119342270095,63.98760535887478,1.427397452295665,52.404754665944985,57.66854699811689
2025-05-11 05:15:00,16.87454392988029,76.98448958555134,1.870260965924678,37.44944134590261,57.188840541096056
2025-05-11 05:20:00,15.897012152521299,98.23224076594836,12.406982712441504,53.83713237487946,56.78035168451286
2025-05-11 05:25:00,20.34154223363085,85.98222811402857,3.841846804683949,41.310860996938985,56.55991996722246
2025-05-11 05:30:00,18.53835404809444,96.58246594758259,11.196515774223148,54.76768997646235,56.27418490801605
2025-05-11 05:35:00,16.339848229544508,79.49789032101324,2.758990479148849,24.430476760331896,56.051532248027215
2025-05-11 05:40:00,15.555006411698168,75.1721989217627,6.370344394047994,49.82667534012701,55.831997320860296
2025-05-11 05:45:00,19.031053439956956,89.73861159982563,0.0,44.63253151229102,55.54786517246493
2025-05-11 05:50:00,17.44354698801911,62.619405004083774,1.9809335738221714,55.4560320389603,55.07345826750983
2025-05-11 05:55:00,15.087781735208338,64.45001157660002,5.214391785866989,33.62989063804676,54.63431370488316
2025-05-11 06:00:00,14.566116988137987,74.32157373425841,46.20884449312456,36.974418238058625,54.10206685112992
2025-05-11 06:05:00,18.245345513089802,84.31496655837927,100.0,25.90353368303773,53.643575537802704
2025-05-11 06:10:00,17.88440793851312,70.35390887251891,43.69183772252924,68.52760260745121,53.061005435767854
2025-05-11 06:15:00,17.76452246850703,93.93510564071006,51.09506733480524,27.40438958574621,52.81801650820515
2025-05-11 06:20:00,15.56296916621722,79.97995238305585,79.45352196767139,45.16638482794556,52.24965649672676
2025-05-11 06:25:00,17.639295948774862,66.75821555275115,75.7682098129565,27.248289418411435,51.684220654528744
2025-05-11 06:30:00,14.654594982714656,62.74827194661667,52.07762044961034,49.67266036386207,51.13043874445833
2025-05-11 06:35:00,17.403566731848926,74.05115360069064,66.64719396446088,37.31392977273151,50.73496881100142
2025-05-11 06:40:00,17.355180281946595,79.21763002446953,83.6988441884099,52.12606608907038,50.277061817467555
2025-05-11 06:45:00,16.856964060388297,81.26995988748337,79.47068073460426,36.76708214090965,49.98001428218794
2025-05-11 06:50:00,16.39407796855313,82.74195408012712,69.91425737721255,33.854862551843354,49.66886399775284
2025-05-11 06:55:00,19.367794916995642,82.00203884354507,100.0,47.08438579054469,49.42367938421112
2025-05-11 07:00:00,25.478729986135512,83.86075620814117,40.028307493558614,23.665486294442914,48.93865622191985
2025-05-11 07:05:00,27.61413249057193,86.44873486611371,44.40285116238487,41.35927867581034,48.37571012065463
2025-05-11 07:10:00,26.685496895652708,86.44677949573612,81.49726210524075,46.03832990088318,47.902846244072485
2025-05-11 07:15:00,28.553757569438396,77.39192765968687,100.0,20.274995251818964,47.3966975038157
2025-05-11 07:20:00,26.817828491238284,72.92704555975075,46.670055220369505,35.90373428335173,46.91054827969769
2025-05-11 07:25:00,29.11940250894348,65.35128734287832,68.0580754727433,23.536733449348883,46.447791986012454
2025-05-11 07:30:00,29.60118955585141,76.81192223372847,56.43791318144585,37.440112390791704,45.86516022713599
2025-05-11 07:35:00,27.621460302458807,100.0,74.87619404257063,50.54711203342598,45.31972109764376
2025-05-11 07:40:00,24.967024950021493,78.0501758676783,71.15565377294719,45.28210658784194,44.84373333004911
2025-05-11 07:45:00,29.944639232486622,76.09119028336507,56.44841671718869,53.4371703700793,44.38585393814513
2025-05-11 07:50:00,27.617600268995485,78.63801696748621,69.74049505920335,48.40692985393439,43.80252560143407
2025-05-11 07:55:00,26.38811102439243,65.79375411366979,90.00776771447069,38.556028103540804,43.26555969881166
2025-05-11 08:00:00,25.597552194044628,65.56157946303512,40.713372784873165,40.252938176972506,42.96979674064069
2025-05-11 08:05:00,30.124317664975607,79.9324278806597,85.4755120082114,58.17991022227475,42.4463720010606
2025-05-11 08:10:00,28.186367551146375,69.44390330613383,71.57903439910027,51.398547300594956,41.988561720264116
2025-05-11 08:15:00,29.09150224894265,78.72761715034956,91.60454604423018,54.707497751683505,41.66506121802821
2025-05-11 08:20:00,28.6577878186724,83.86876738459381,75.59932214282297,54.640756978588385,41.403319364447526
2025-05-11 08:25:00,29.75979529551804,80.18700663911477,64.31589172276148,29.685921179669997,41.13969864352913
2025-05-11 08:30:00,30.874290352209943,74.18287160692189,96.87749842830489,28.335675009206064,40.92573848814233
2025-05-11 08:35:00,25.815606110468096,65.25551368241388,32.956932855781886,59.87153079140626,40.70886699850872
2025-05-11 08:40:00,27.131144366567785,75.32759859702621,42.02213141248415,57.93753327863434,40.23641673012653
2025-05-11 08:45:00,30.727894652004807,75.89505979664942,47.191513600579796,28.08910951419893,40.01681662950691
2025-05-11 08:50:00,26.694166974607356,80.328464866261,55.01927153633635,42.7304486862716,39.65489624697429
2025-05-11 08:55:00,28.143107975330697,91.69116359178587,98.25847582160316,47.51718236725606,39.156338413703786
2025-05-11 09:00:00,28.406378498678365,77.1144384363138,82.0851237923256,56.712539588664534,38.56305925120198
2025-05-11 09:05:00,29.693583491509894,57.45283932343547,55.429696836082215,49.47336263022108,38.210183636003855
2025-05-11 09:10:00,26.865198960726165,66.73892980655411,88.53477527604493,42.03720912982895,37.74223709628251
2025-05-11 09:15:00,28.165107930470775,71.89375960055105,81.70675673978789,51.36159523057893,37.50378224978923
2025-05-11 09:20:00,27.733828956128587,77.59754898860221,65.15746879364983,42.5225760075843,37.069998635657704
2025-05-11 09:25:00,26.279516971284608,86.07372311684628,79.37001746498551,27.11995705913027,36.65356624539576
2025-05-11 09:30:00,30.069098978962433,69.1689615712834,95.29508485454055,48.08333397385495,36.23676709261835
2025-05-11 09:35:00,24.670648898400305,75.71896184492721,87.83137400848362,26.614421370875885,35.762512954157216
2025-05-11 09:40:00,26.495556109033867,70.8699877516274,100.0,67.20882010657444,35.22137766427103
2025-05-11 09:45:00,29.9744218473509,62.20729157248029,83.29037112654268,50.63662242243767,34.95461325701672
2025-05-11 09:50:00,30.789574258432648,85.02702738124692,75.12664390062649,29.650460340203054,34.637394399468256
2025-05-11 09:55:00,30.517189129371012,80.40979844948865,38.528862916835195,29.212349504338114,34.376384268135006
2025-05-11 10:00:00,29.441356740906897,76.97651733986126,52.67527290450765,39.73569112478806,34.03530666542622
2025-05-11 10:05:00,29.865875784405173,77.13591712317458,72.01898235960381,56.75148370848238,33.65567332047602
2025-05-11 10:10:00,28.187851014264673,78.5282903179776,81.22190312728381,36.9258296953812,33.25727955200246
2025-05-11 10:15:00,28.480757760176708,78.13318898117728,41.02566835333421,47.46997764075416,32.68897622681644
2025-05-11 10:20:00,28.89223959275636,89.12842745185105,65.70783155855935,59.61899916817541,32.430740192535595
2025-05-11 10:25:00,30.353734041755118,78.55029210762115,55.632405181545565,44.39346503217977,32.223545405767894
2025-05-11 10:30:00,29.54564872358861,85.50745035831989,64.99228549015194,36.25740913068553,31.811367737747165
2025-05-11 10:35:00,27.28216941243252,91.28512126745582,59.87618568836497,34.785226702180395,31.232289912056977
2025-05-11 10:40:00,29.61296515608258,79.05576142547012,47.40886247447591,40.130183216347596,31.00095712717761
2025-05-11 10:45:00,25.84684744024876,72.55234627142106,100.0,53.16859657090593,30.51512760468568
2025-05-11 10:50:00,29.9752379560685,66.58906288259325,76.18897500702505,53.459804041416426,30.00998057279859
2025-05-11 10:55:00,29.585252869177964,63.12615372476915,54.05594460939541,50.93940288290621,29.489688181839348
2025-05-11 11:00:00,26.772905724378038,75.76231666455845,27.79453614471428,58.51184817554566,28.911799862288234
2025-05-11 11:05:00,25.93621959021755,78.14848486485393,100.0,52.28114266792433,28.686919089971887
2025-05-11 11:10:00,28.31852239402887,80.90862078080855,66.68506998952125,31.41039348333552,28.375499189301323
2025-05-11 11:15:00,29.64027469909084,58.39274908052829,87.30786853759825,60.85915413467244,28.011592270138795
2025-05-11 11:20:00,30.398141229322647,88.30653519406839,27.81491295510377,38.288070403397356,27.686624963782435
2025-05-11 11:25:00,27.648657149210514,80.8745670817419,67.80704086980353,47.33313014021336,27.354448254437877
2025-05-11 11:30:00,24.84247796132559,82.95818581389354,71.57194901106287,36.718774576161366,27.099998498235895
2025-05-11 11:35:00,28.189645952371894,61.37305527014438,92.16166861925309,37.89595027332445,26.734741893848177
2025-05-11 11:40:00,28.6628036763625,77.26043822827168,68.72532522576788,35.89724612097485,26.33088702641369
2025-05-11 11:45:00,27.73898840998923,93.03447345941262,89.86945780899599,18.618389450818384,26.0727580055927
2025-05-11 11:50:00,29.222731242261112,85.73068679812134,88.41547997747813,31.569813980757704,25.840736922022767
2025-05-11 11:55:00,25.878410549741105,84.40014323575437,71.04176366621137,29.617967727154756,25.351768138280438
2025-05-11 12:00:00,24.527642054642158,73.97819325353773,57.4137656765816,29.23949304302731,25.12255947623446
2025-05-11 12:05:00,29.682293889576744,85.94601401873246,74.87347881438278,17.378836694403503,24.58786900147159
2025-05-11 12:10:00,28.219844616020517,76.33665006261084,64.49393031437432,35.86111498297907,24.020796377361588
2025-05-11 12:15:00,27.76088336196612,78.71860100503856,50.878998942383234,49.43107668266067,23.598626559091947
2025-05-11 12:20:00,28.63348638661123,98.86428451121563,76.42585100643737,60.29468258599465,23.03750017233804
2025-05-11 12:25:00,29.18183488546362,95.74564018006726,86.98893133366158,33.67336808635376,22.47910912248262
2025-05-11 12:30:00,29.14115929417508,82.73253936549222,41.00067782705997,62.77407998763951,22.210503563863437
2025-05-11 12:35:00,29.478355229267777,66.86707423201416,70.24054907907409,45.39087118028709,21.7161601843181
2025-05-11 12:40:00,21.36624855274135,84.46886194663524,92.08423478806965,42.273966258412536,21.25057500401733
2025-05-11 12:45:00,29.644534382819725,89.32760186544284,56.377181980957836,57.339749130102646,20.683153343840445
2025-05-11 12:50:00,29.915128611507594,70.72746989506022,89.61138449374141,14.379963207947064,20.417657886857956
2025-05-11 12:55:00,32.423962717755145,72.76040188858565,82.87167867368748,45.29292938709794,19.972132430127232
2025-05-11 13:00:00,26.91928170759563,70.83096765810689,63.262479174931826,51.87957586614026,19.571308230688032
2025-05-11 13:05:00,27.89789114137496,68.46055859115692,55.59528307306056,39.07700354146886,19.184278785118273
2025-05-11 13:10:00,28.677887120360538,83.14343985866296,85.99956042189237,54.71157355237097,18.953847421141848
2025-05-11 13:15:00,29.92664998055006,71.30563165751023,50.28818611055311,39.043869527537055,18.735013677328375
2025-05-11 13:20:00,25.978332321378137,77.97416909299646,78.63986694256604,21.01887842409134,18.198875760290992
2025-05-11 13:25:00,30.753270981630106,82.01691311434938,38.18363103241238,37.537657622345,17.699136520074404
2025-05-11 13:30:00,29.190069767544788,63.28753539918176,90.89637667594968,50.13434096510491,17.162935610827432
2025-05-11 13:35:00,29.22680440054473,69.96201086759925,90.67224439843437,49.22523862754025,16.915402785444037
2025-05-11 13:40:00,28.058367147294824,76.59983519136057,47.68012058664215,16.98086872118249,16.510734579909776
2025-05-11 13:45:00,29.826814099120718,69.01850094053178,68.79165419036252,56.36847117894617,16.12342394299799
2025-05-11 13:50:00,25.89261657989933,75.14011074018464,68.1862885819301,66.59686768580997,15.81203813339205
2025-05-11 13:55:00,25.711113835031906,80.60941820492287,84.44462283362678,58.11239731447611,15.491717998500473
2025-05-11 14:00:00,30.10805779948906,76.59891773756684,97.81431931649252,25.715653756704718,15.107986241882065
2025-05-11 14:05:00,24.995947402164987,76.64337442095804,96.27396462369146,34.703695520051305,14.862282941451365
2025-05-11 14:10:00,29.3626704954785,76.52386093758136,90.66050842414222,45.77557114729484,14.501619242089983
2025-05-11 14:15:00,25.11685030683898,72.36595203341737,75.69343118839397,33.07342918566013,14.18862016203916
2025-05-11 14:20:00,31.979086902184594,77.07734400416334,74.03876073193949,21.41595770231463,13.930478238243195
2025-05-11 14:25:00,28.19257714580273,74.23246691280173,59.93674110769757,47.58752236404906,13.346042740567652
2025-05-11 14:30:00,29.25281331334997,73.9265481170797,94.34680530410805,48.79056548790512,13.010276767529325
2025-05-11 14:35:00,29.575248361631445,91.83975522919106,82.77453281390666,59.016012524095004,12.414491452923468
2025-05-11 14:40:00,28.00021040171845,84.56268052227219,85.98280645627055,45.12617056408166,11.906154614478398
2025-05-11 14:45:00,28.37297105573377,91.07172790863342,74.75072206992476,43.85708889658159,11.57631832514452
2025-05-11 14:50:00,26.23832384075063,78.06177231525817,76.7319165109722,31.484621574887054,11.255647908386695
2025-05-11 14:55:00,27.52452425872911,69.87283181847755,58.64062500182135,25.684768814360392,10.894884389349805
2025-05-11 15:00:00,24.639919637856465,77.36199565161708,88.10903907142058,59.708666351778305,10.45899957607387
2025-05-11 15:05:00,25.32698363649732,77.12838020991772,63.466933146098,47.870516172129214,10.188651182560474
2025-05-11 15:10:00,25.49864479994214,81.68233131968213,94.19388079354496,53.30077687485778,9.978247867193843
2025-05-11 15:15:00,26.529286661684548,100.0,50.440069736511234,46.59958197227697,9.692514092534337
2025-05-11 15:20:00,26.399149117730467,85.58368947750606,43.248863559276614,23.944146523302337,9.185596162118939
2025-05-11 15:25:00,26.630911382694766,66.87859313421436,89.30986735932112,57.18229623000833,8.712399054697851
2025-05-11 15:30:00,28.51919505958083,98.44864624691199,36.08338751536077,29.041697730376917,8.287875820109146
2025-05-11 15:35:00,30.907536134863225,77.89252102711971,73.72949960382512,47.95052454008459,7.804596766756471
2025-05-11 15:40:00,27.571844354720074,77.04496328213932,65.83555656018345,44.279346097682804,7.228368283194587
2025-05-11 15:45:00,26.845776004940994,68.07487550876411,75.36821784747079,20.552247261606457,6.837640660147768
2025-05-11 15:50:00,28.807205322272328,78.38798126396432,100.0,45.87309336918341,6.273899172435245
2025-05-11 15:55:00,27.827017186110012,91.30754294825883,72.05280389642186,26.93654548279532,5.686650495116479
2025-05-11 16:00:00,26.26166154537217,58.579153309208984,86.28903677394038,43.279137819424946,5.437085411445382
2025-05-11 16:05:00,29.008302412986335,86.94695352382466,53.23741285967175,43.52050562777266,5.100979880174671
2025-05-11 16:10:00,29.490221950191444,92.42301812926773,51.17038136331765,34.102128436232825,4.839006643495108
2025-05-11 16:15:00,30.054347290021866,87.36007635775087,100.0,45.46971257434001,4.453282677995488
2025-05-11 16:20:00,27.060315090125677,65.60982774325242,73.00749604055264,27.95451936466059,3.8602193901371282
2025-05-11 16:25:00,28.46570019766381,86.25996533379289,74.02093208137109,33.019857599749955,3.634325904606293
2025-05-11 16:30:00,30.628299990159206,90.97500870974382,95.88748553456797,12.29090296384387,3.222001584068806
2025-05-11 16:35:00,30.089692559876273,68.29590510088447,93.19514615888704,37.818272358787844,2.803953959870108
2025-05-11 16:40:00,30.79054581994438,85.45437577598085,81.45816614197939,42.7787052223096,2.4749897642740506
2025-05-11 16:45:00,27.026102419846996,80.82542020420418,78.77588206632828,71.99543283997342,2.0332889942450083
2025-05-11 16:50:00,27.581401693643304,98.78595609478845,81.54403554870177,49.37612076251348,1.535926375794134
2025-05-11 16:55:00,30.36011829086293,67.59002889331973,91.15621496867269,47.69894273595631,1.2560544533639035
2025-05-11 17:00:00,25.60792424845223,85.82114348394956,90.16686647373723,47.68991661470489,0.9915732873015572
2025-05-11 17:05:00,27.61518312906901,73.83140181724812,56.53850569848577,53.8421752045015,0.5403480914050378
2025-05-11 17:10:00,27.856791221914403,74.36623529394141,77.39229667900875,51.785338027848795,0.25550466871793565
2025-05-11 17:15:00,28.953281844705998,71.83548246956713,100.0,55.58311523933473,100.0
2025-05-11 17:20:00,26.41350383841173,70.7378541709298,67.36725004138526,44.88181280879263,99.45238086888914
2025-05-11 17:25:00,31.418346065571612,70.79545419671295,96.77894179443527,57.396499911352144,98.9348546323052
2025-05-11 17:30:00,26.123769586856177,76.39647526640212,84.71899587007826,35.78366011312933,98.44592538124766
2025-05-11 17:35:00,29.6778494476449,59.31168602201031,67.41950889293662,61.859618620434695,98.22835810441251
2025-05-11 17:40:00,27.240254041406114,94.6391010702223,88.02307521415824,47.621026603198416,97.80663540258585
2025-05-11 17:45:00,28.75690501158474,94.81701065244359,91.04398209046298,31.985295385129394,97.52926482262922
2025-05-11 17:50:00,27.90761313067382,69.68336658972865,56.27011696100233,46.42832557165482,96.99343731391313
2025-05-11 17:55:00,28.82029671409901,85.25393007184354,88.10203179318304,10.0,96.41012640962529
2025-05-11 18:00:00,26.285496443171315,80.3440220027966,69.54569113257703,19.405895560347034,95.9194250607476
2025-05-11 18:05:00,29.270553686124693,90.44089641095894,58.64838722055136,32.75491818969525,95.59563571070463
2025-05-11 18:10:00,29.88156655287258,80.37697090330083,77.2262614215999,47.34065521688663,95.15296522527916
2025-05-11 18:15:00,29.247569913729762,84.86514864578734,62.32451092860761,49.46899556507687,94.72071326590232
2025-05-11 18:20:00,29.94295423058822,65.51416583185171,99.617480587355,15.828206664660254,94.49349149033033
2025-05-11 18:25:00,29.943975479361736,89.19277039973956,98.06455369864955,41.045740257926525,94.18275114235256
2025-05-11 18:30:00,29.489375304857667,83.63943188857053,59.87335823221591,45.579184728839245,93.85562941295754
2025-05-11 18:35:00,29.69667113994836,94.36645390810271,65.56702214690695,51.599681624307934,93.36034473485884
2025-05-11 18:40:00,26.82411456537491,88.6354261145104,73.79288678114527,34.15895298978771,93.10929777330995
2025-05-11 18:45:00,29.120569579002897,63.71329288087137,64.26537101405756,32.042442030783505,92.87041370986842
2025-05-11 18:50:00,28.683576904588868,68.72207524516034,63.535409519220195,41.82217054568806,92.62283921632708
2025-05-11 18:55:00,27.895707625636973,77.30763613800416,59.48604101363324,44.0487110607727,92.27260425009248
2025-05-11 19:00:00,16.971284603492883,83.67762242874984,7.40404737029509,26.355653450783894,91.77402855093366
2025-05-11 19:05:00,19.53833324341244,71.37019153903205,0.7823953088105533,47.54885064658677,91.52984330074025
2025-05-11 19:10:00,15.8342657936725,55.0,3.7993279149267893,23.112215752907918,91.16523306484777
2025-05-11 19:15:00,19.313822365818123,85.40102247074698,0.45459439728113704,47.02261639574944,90.57734535954084
2025-05-11 19:20:00,20.17062187397516,70.49549552116227,3.136654115174871,37.73099076696608,90.037162981143
2025-05-11 19:25:00,14.746335475269431,82.07515226722853,8.29169737503873,23.265206881217107,89.62684230636668
2025-05-11 19:30:00,20.622288583630326,95.2813145763874,0.6575330503632504,41.2465663758196,89.36218672806415
2025-05-11 19:35:00,14.877206450315228,81.57729181310265,0.0,39.56365002209808,88.90815653348116
2025-05-11 19:40:00,16.214330252490843,84.14446301684175,9.300952648757576,22.380349247380114,88.6574320676281
2025-05-11 19:45:00,15.495379111527324,72.96997091652905,5.465168757950133,60.621352509280555,88.13741612051743
2025-05-11 19:50:00,20.8436078803724,80.48277576050137,2.3180703341277282,52.667807263350085,87.5906187857576
2025-05-11 19:55:00,15.538367472085172,100.0,7.494553892058677,49.54806628387046,87.1811947683912
2025-05-11 20:00:00,15.92937629435329,77.64202820389094,2.927780733286208,40.73107742008685,86.61168841644137
2025-05-11 20:05:00,19.024170996997242,84.09552190696951,8.595193580984985,44.30270242358476,86.27094833535338
2025-05-11 20:10:00,15.900404290940212,77.54197109426688,7.213077173973447,36.20295741564502,85.87440977447429
2025-05-11 20:15:00,17.358846952520658,88.826246920161,8.949611730084081,52.20233939978935,85.39805741923543
2025-05-11 20:20:00,16.267844569827396,80.33326669211377,4.220697956108637,35.99602813315721,85.1678920558482
2025-05-11 20:25:00,19.371317655233092,75.70826926128207,3.116606777877638,15.981844349487666,84.81361142793189
2025-05-11 20:30:00,17.902091677425094,60.78659562296875,9.141334750710026,50.18163235654926,84.36994927474494
2025-05-11 20:35:00,17.139066547616967,71.48913670133942,5.5149548753351105,39.277343907470716,84.14993069121742
2025-05-11 20:40:00,16.67507801569119,86.6510550984518,3.9971857896631997,36.40987977678235,83.8202812346663
2025-05-11 20:45:00,14.813226348867406,85.57904103152246,2.367744155570332,43.72708511871335,83.45524997601531
2025-05-11 20:50:00,17.422875080791105,70.48938015380232,5.661131865612213,69.51787668980067,83.03946993174779
2025-05-11 20:55:00,19.018352404634122,66.59667986952618,1.677692328357761,41.36142613630963,82.66313634288205
2025-05-11 21:00:00,15.910885824514953,61.12894942541337,5.516570023646541,48.50066144933355,82.18067208566629
2025-05-11 21:05:00,16.366144815902185,76.5583508446975,6.269030313720329,51.51597406886037,81.60736597628058
2025-05-11 21:10:00,20.44371039402437,90.14781599723665,8.173843647632966,54.0197062426153,81.17116820927053
2025-05-11 21:15:00,16.302156872202808,65.38455310309683,6.776827832721731,58.2117887610178,80.83998348041895
2025-05-11 21:20:00,18.5285106144477,55.32898640394339,9.11413342579666,33.95927208862917,80.39291063319793
2025-05-11 21:25:00,16.346313469055815,70.6819908211654,2.1118962669640067,33.184041788480044,80.03279308847333
2025-05-11 21:30:00,15.74742578005295,98.3311563679361,5.368380071142271,49.287205505894754,79.47680686062198
2025-05-11 21:35:00,17.688933342810422,67.54765620878905,10.293785277332901,51.63377398731465,78.97255684914956
2025-05-11 21:40:00,16.7149719554414,75.70501023922562,4.377136825359713,36.52900176053088,78.62520670023966
2025-05-11 21:45:00,15.912594985064173,55.0,4.737529705564972,54.91011643559125,78.17639353048864
2025-05-11 21:50:00,16.32608214488331,76.72210270829383,4.481836568316329,39.443690782024994,77.96369321471468
2025-05-11 21:55:00,15.692876370494881,81.40322791701969,3.4704810081813933,49.15257334977812,77.61507907687397
2025-05-11 22:00:00,18.78053351251098,82.75697330833499,4.0481706096108665,39.803806368716074,77.08822327291337
2025-05-11 22:05:00,16.512707663431055,77.5839669815265,4.2500936253713695,68.75846878475835,76.5503831394912
2025-05-11 22:10:00,15.12432187994553,78.50487826466956,7.616311570551889,48.55214825322411,76.13228608189216
2025-05-11 22:15:00,14.367172497847307,86.37570577906571,3.6760264402995193,48.09946134280294,75.73873135215636
2025-05-11 22:20:00,18.385941062841365,67.27327276604181,3.865082217916266,41.54878224399856,75.46612649168276
2025-05-11 22:25:00,16.46100093756854,75.41086771179035,6.07502927596132,50.03436910726126,75.01566740495686
2025-05-11 22:30:00,17.137748227219898,85.8177677810464,4.671105450797079,39.038944609968226,74.44341084194812
2025-05-11 22:35:00,17.021170864274605,65.86289258472213,1.8660608305095545,55.612567879809234,74.06671241335226
2025-05-11 22:40:00,14.104016617166863,90.8187888572509,1.2657085343367402,47.52658604798757,73.78057827169796
2025-05-11 22:45:00,17.011510352404642,60.607447292997136,5.048405750866935,24.098409091096357,73.23434966850108
2025-05-11 22:50:00,16.62718133513926,67.48108638610142,1.5623205857303812,37.7099057507182,72.76429933319932
2025-05-11 22:55:00,18.7221089872166,55.95491932313094,5.252358635539174,27.07868284082981,72.18589117891142
2025-05-11 23:00:00,19.494630586330615,79.01969123689625,8.498718916534585,32.49860947555688,71.85663241536689
2025-05-11 23:05:00,17.101093713390714,70.28383955618852,0.11232624604163366,35.03185189557093,71.34433417649863
2025-05-11 23:10:00,18.383188160653,80.19934807518703,6.43188159612672,47.05504723522317,71.10711269800989
2025-05-11 23:15:00,17.74754942424481,76.35115835607769,3.3575691780977186,27.040682852186826,70.7372547076716
2025-05-11 23:20:00,14.519347059779856,88.61856846156736,6.84738046443515,54.06872142534466,70.35384016917286
2025-05-11 23:25:00,15.955875067911357,78.10537616210375,10.230271126570855,18.515523854009427,70.00653388536394
2025-05-11 23:30:00,19.738440214734254,87.40694151704534,7.476930291824174,24.90213907404892,69.60899795828703
2025-05-11 23:35:00,16.97078147823481,79.112162781482,2.777421297598785,40.85944516119101,69.1044350599633
2025-05-11 23:40:00,17.55138578659111,88.2642292273036,8.717836024349324,48.41385201129424,68.77755134888936
2025-05-11 23:45:00,17.70076091304957,82.86472534632665,7.045734875177529,60.52104199632452,68.45563117816926
2025-05-11 23:50:00,17.49884249587206,74.80424864866849,5.931013961486863,69.16938489313772,68.18374579688866
2025-05-11 23:55:00,21.00533898239387,75.56498507430751,4.2884436930996435,63.59488799915821,67.80633333584572
2025-05-12 00:00:00,17.76493927996427,73.98238973301714,5.196508778477118,63.2968480184645,67.4930635482793
2025-05-12 00:05:00,19.768537853801117,83.31265256310121,0.04645351086552374,46.55529460899583,66.92239185306144
2025-05-12 00:10:00,20.661086881654953,75.74460452085705,4.649850238442774,30.988684208489598,66.66460339944983
2025-05-12 00:15:00,17.15579368337222,61.201688011661375,1.825629722708105,49.60210018740442,66.38932989668594
2025-05-12 00:20:00,17.313966239535347,74.20721560371763,8.557393639559715,43.480043704799,65.97043344343167
2025-05-12 00:25:00,16.78556169790097,89.96727595254494,8.055094544358997,44.853088318506124,65.73295445798507
2025-05-12 00:30:00,17.373403542803157,83.82567305833918,8.194142810560152,49.14737386695138,65.14557876137495
2025-05-12 00:35:00,16.497608983150084,76.46605795223286,3.06067347626812,38.59445789775522,64.86720259022171
2025-05-12 00:40:00,16.74927739811047,61.530947660349824,6.813951543286418,53.38494619468602,64.28434138111385
2025-05-12 00:45:00,19.193247494374692,79.0950721776227,11.12384968618878,38.917029630548186,63.97395058479854
2025-05-12 00:50:00,17.342529702204125,74.93699561455446,2.5831486785677313,43.79227573892314,63.65858209668764
2025-05-12 00:55:00,16.72536607125252,66.5401617215946,10.16463844129468,43.49862062050368,63.17632450683401
2025-05-12 01:00:00,17.455545515415928,70.19342123781469,1.3492223083652108,42.02819877348227,62.69047601424579
2025-05-12 01:05:00,16.548660600557024,71.45930810076742,3.3943338128528584,47.58190538109963,62.49041306566483
2025-05-12 01:10:00,17.468350654465038,86.06843468097618,7.015630986299941,46.19605485280792,62.17230210557956
2025-05-12 01:15:00,16.157327486724608,95.05810478861802,4.053232818027697,49.53862806518642,61.931566862167614
2025-05-12 01:20:00,18.82124742785371,74.77205034586757,0.0,35.820538956813415,61.47519450658518
2025-05-12 01:25:00,18.968541121047238,81.96191394975222,1.693363701857912,33.13382265351359,60.977133457031506
2025-05-12 01:30:00,19.160631076356562,73.49407568227595,8.100755293463248,33.315704806923556,60.748593495389784
2025-05-12 01:35:00,17.50898745744676,66.91535934950792,8.926793618773605,74.32024824267714,60.42542694893401
2025-05-12 01:40:00,20.157687378481533,75.51597601578843,6.900321083446526,30.01117554739966,60.02016968669462
2025-05-12 01:45:00,17.164856492646486,75.76047358688386,5.1967213119571944,48.41314702609741,59.77402570174882
2025-05-12 01:50:00,17.777748864092626,85.05124689814193,4.800109805444599,45.6315108396476,59.40682561680688
2025-05-12 01:55:00,17.66789105873362,78.42137445840179,6.415101922123929,51.072749070499654,58.89087780160984
2025-05-12 02:00:00,15.70380242829819,91.45166763579952,6.724246503627794,48.79671863157873,58.56156966383133
2025-05-12 02:05:00,17.65898297379708,76.57945659791895,4.856091632422504,54.17780966530097,58.2838166084116
2025-05-12 02:10:00,11.482795986940761,81.62714944985123,4.994863072753637,47.369359792687895,57.8575831644265
2025-05-12 02:15:00,17.533344672177822,57.15918774070124,3.815514208088551,52.70851625139798,57.59015533658429
2025-05-12 02:20:00,17.161618301571085,70.47553926220212,4.005027048700564,42.17270477566301,57.031320045054294
2025-05-12 02:25:00,17.03750533659305,92.84870182862316,5.09258152257773,30.754381021980834,56.678250766845274
2025-05-12 02:30:00,17.52275763080514,73.31074996854129,7.354147403303435,43.64134800400667,56.37276896406081
2025-05-12 02:35:00,14.828480897337895,83.2057124781518,6.2928014277661095,36.59311633100451,56.07065256874367
2025-05-12 02:40:00,16.083863156332733,75.15601245561386,8.453778045438735,45.22475380210495,55.783581355304854
2025-05-12 02:45:00,17.65480151016356,69.365996772947,1.4516027470393964,45.63543015791409,55.260581046530206
2025-05-12 02:50:00,19.4334127732222,72.76195865594767,4.622583877295724,40.23916952357976,54.8249868637796
2025-05-12 02:55:00,16.356350713429983,77.29880314403158,6.25174600822914,33.07683209467206,54.54430143898237
2025-05-12 03:00:00,16.67239165617217,63.60461961435039,4.875391080553252,50.285163155507966,54.16912698190152
2025-05-12 03:05:00,16.66122692583263,81.18683938133871,3.797709448301385,25.801647854361622,53.910326921236425
2025-05-12 03:10:00,16.46560678043623,77.9794776890898,3.3983055523204753,61.036023371468985,53.38913157345503
2025-05-12 03:15:00,14.954548574223438,83.60874510434017,7.026382232778179,37.389640021558094,53.14712486097139
2025-05-12 03:20:00,16.501604779945197,80.57546981446423,4.049651495335602,42.988176240600914,52.82224765363617
2025-05-12 03:25:00,14.32172846961583,83.00282533180236,3.920601924082228,65.93649035250218,52.50915927197723
2025-05-12 03:30:00,16.630995132598102,55.767304983431536,4.976016702553861,38.504053976479724,52.08006286875463
2025-05-12 03:35:00,18.05586323358063,82.535575906066,7.371869545539083,23.232941590243797,51.80236897443609
2025-05-12 03:40:00,16.466290944593943,69.05610364271236,4.73642955628389,50.90099370065253,51.4571418698993
2025-05-12 03:45:00,17.91771910794177,79.84649581399677,3.08095885521976,50.268130418443015,51.212242851963424
2025-05-12 03:50:00,15.889584496259097,60.1193276294823,1.2838002153097205,51.10500518204558,50.73194907064124
2025-05-12 03:55:00,14.90291789945917,89.4095997530948,2.785422651455896,49.64606617590984,50.20260965267456
2025-05-12 04:00:00,16.174577796929164,88.10195276067748,3.811508334898594,35.37881636381546,49.69667605048998
2025-05-12 04:05:00,18.00456691022601,75.25188567470734,2.8109298029376277,50.14633053157064,49.43344372444844
2025-05-12 04:10:00,17.97281157369762,75.52215946383782,8.60419751612503,30.211182450607986,49.206780705881776
2025-05-12 04:15:00,14.749629527072214,72.34313676047063,3.288409884953882,57.38372956488624,48.997349770484625
2025-05-12 04:20:00,18.75611620158368,70.1978850422788,4.963711888304619,31.545795150191005,48.42271237865111
2025-05-12 04:25:00,17.260175654345808,70.89541854370565,3.2211903377980797,39.86925837902305,47.84695282180705
2025-05-12 04:30:00,15.173752334979206,81.13040307384075,4.4470686054192585,38.319254442361256,47.43348574740313
2025-05-12 04:35:00,15.792993804221535,92.78801217808707,2.488697705041899,10.0,47.2287755915987
2025-05-12 04:40:00,14.197113754367043,76.75350552099411,12.759988631877476,32.57342848937522,46.81829919041432
2025-05-12 04:45:00,18.542315750549996,61.087769952133584,5.522140473626095,56.79436946933152,46.25983579846874
2025-05-12 04:50:00,18.230783410672057,93.66975073401713,2.9486433630463673,36.098271813239805,45.922668332137334
2025-05-12 04:55:00,17.579042335684033,80.66133672821324,2.2247881442459976,55.91571799551254,45.5469556018183
2025-05-12 05:00:00,16.168018972491353,77.96482083484486,8.352192434137006,53.68056778958185,45.282508040482064
2025-05-12 05:05:00,17.3217312710074,74.52187668079947,0.0,30.854813286946783,44.794881342331735
2025-05-12 05:10:00,16.535817150465554,87.02925710226094,0.820455647958644,56.924030077205884,44.551795685533314
2025-05-12 05:15:00,16.03217585578094,66.61157473511257,1.2275635617335676,43.60139172731193,44.24395994035141
2025-05-12 05:20:00,18.590200732306794,81.67631451298249,0.4005977585981597,45.4002975643359,43.962206356320685
2025-05-12 05:25:00,15.689005001631573,61.83409101846197,7.317390267581801,52.50845014020034,43.671677145991715
2025-05-12 05:30:00,15.240449477824411,74.46127678153077,3.490089267674551,46.50148792967649,43.40725907468721
2025-05-12 05:35:00,17.736084661133646,88.73893332987691,4.442753588551108,53.51022671469648,42.94848219076398
2025-05-12 05:40:00,15.335088183939835,78.14322782912247,7.375604808998352,39.96324081919576,42.71879897977099
2025-05-12 05:45:00,16.071201013779998,61.84498970565199,2.926698457417178,51.8941965841193,42.12515386627059
2025-05-12 05:50:00,16.837853224540094,82.49615247380852,7.655452415679742,37.36488792973201,41.704543165885404
2025-05-12 05:55:00,16.172165330939972,77.3571993114387,1.1864717905254096,62.18381554553267,41.159810263745115
2025-05-12 06:00:00,17.58100230109571,83.5912818450251,84.36336834752798,67.79982060788785,40.78845823657653
2025-05-12 06:05:00,15.626635401365888,57.96456036792537,56.33232659299411,31.970515890213818,40.33628320083295
2025-05-12 06:10:00,19.715078143219124,83.99547198138583,61.76745562785993,37.24651537514069,40.033287002908864
2025-05-12 06:15:00,17.875075039941283,91.29686688721821,67.82439106556419,43.0429226211922,39.519020829574615
2025-05-12 06:20:00,15.53482771038849,92.31432243555165,100.0,49.76550234722257,38.93829785934081
2025-05-12 06:25:00,18.02621599254761,66.34843208485398,77.96663861415888,41.17830235191316,38.63766129581453
2025-05-12 06:30:00,17.86802722542068,87.29844276214159,90.8794123196735,35.424466546384515,38.36478543675964
2025-05-12 06:35:00,17.64724959360528,87.31391430684121,38.81899941358976,41.08849880945579,38.14316727704821
2025-05-12 06:40:00,15.035506374544754,97.39916419912723,58.02662592541796,41.502707399663294,37.56539293963847
2025-05-12 06:45:00,17.67455853083096,65.6364078242175,65.1217365146472,39.50972987281975,37.196058412138115
2025-05-12 06:50:00,16.99046487525527,62.732235769011474,87.01105348879967,58.72182260257905,36.893755490862276
2025-05-12 06:55:00,17.173651811521356,84.10834387373252,72.33178900286443,38.23053905967218,36.59409857843847
2025-05-12 07:00:00,27.49393094667315,84.69177895096477,63.52579375856713,47.557711381427204,36.1505613679816
2025-05-12 07:05:00,27.943122527522085,82.8088773526622,92.95541872723444,43.9898456515572,35.650901086963586
2025-05-12 07:10:00,27.941743505730376,84.66369569927994,70.93578638075876,30.148119688693164,35.348290041277245
2025-05-12 07:15:00,29.45714542211491,95.11735718157989,82.48073989780198,38.008211482617824,35.05429992208894
2025-05-12 07:20:00,29.456990117887294,64.27927836425206,81.42937222213807,51.594776562048565,34.57209943890066
2025-05-12 07:25:00,27.776142995333338,81.88841096694796,74.70359081146425,19.935319495165654,34.13431575470579
2025-05-12 07:30:00,27.495023496340455,73.00962545085578,72.51878133785671,40.84668425802446,33.63977087519576
2025-05-12 07:35:00,25.121279887661856,71.10606550098451,76.4473850122217,65.41975686011622,33.40077662347285
2025-05-12 07:40:00,27.069419839199142,81.47429374604224,54.54263268895816,54.09089872569034,32.904914125125316
2025-05-12 07:45:00,26.044213363209327,100.0,96.99768056906694,60.15509913837911,32.618543588814624
2025-05-12 07:50:00,26.8842491740331,72.18079598285917,100.0,50.53137105066695,32.12294268442731
2025-05-12 07:55:00,30.30408451082998,67.60200017938025,76.77156259206333,42.82512425318161,31.760202519799105
2025-05-12 08:00:00,31.06276858590006,68.52427574414034,80.01487957097955,43.448936182520164,31.442439280057933
2025-05-12 08:05:00,28.382802976755283,80.01220101105434,69.45880993775715,54.229109622609634,31.111070767411864
2025-05-12 08:10:00,26.796251875596543,77.90546177222042,77.23430146616215,50.839097732674624,30.898696584825096
2025-05-12 08:15:00,29.574263076232324,76.30787688677623,26.665181233777353,43.447011938351686,30.421032492509152
2025-05-12 08:20:00,28.417586223263594,79.43181864829411,48.87755191313528,36.79774534721939,29.825760447443532
2025-05-12 08:25:00,31.98939211617246,81.72341013936239,70.55133218613088,38.2801888016708,29.384735033804812
2025-05-12 08:30:00,25.73253867155646,96.31391387960451,67.19962598496,39.133482931037896,28.98097478806098
2025-05-12 08:35:00,28.92454317640192,79.5842186619897,100.0,34.27358144675972,28.415323119947335
2025-05-12 08:40:00,29.672086945414087,71.58021628219335,89.14282167544138,20.0567247901679,27.947745790658207
2025-05-12 08:45:00,27.476811633566715,75.82984219056634,91.29879403886841,56.57189404643753,27.550241226631606
2025-05-12 08:50:00,27.908553979152593,65.45849887837417,98.39270811485588,41.8128702028137,27.310247794037384
2025-05-12 08:55:00,28.435999103277783,66.83473035976024,36.516884427110014,45.92363208254579,26.951085841813914
2025-05-12 09:00:00,28.515379931922805,77.98256107857975,69.49046826972828,44.353946162544986,26.63349522731076
2025-05-12 09:05:00,29.525954019452975,82.74647693983975,45.057867632868,39.94678852650501,26.198422081254634
2025-05-12 09:10:00,29.236430891287053,66.69092152899633,81.36594703106331,17.372478359779297,25.769394516225415
2025-05-12 09:15:00,29.40986960122398,74.13536532774656,79.67531816881514,38.298943399840475,25.18548434235496
2025-05-12 09:20:00,25.420811299947825,76.3930523629609,83.3564120002425,43.274841957340335,24.76116877579358
2025-05-12 09:25:00,27.03258633521802,78.87754293544567,54.26639443592224,53.03074530582569,24.26329286538559
2025-05-12 09:30:00,29.480134329359053,79.00460444130088,100.0,33.79417758339607,24.040804938742202
2025-05-12 09:35:00,25.39830138277679,75.69329330780303,79.21488041345846,41.378613799745374,23.60862606324779
2025-05-12 09:40:00,25.886978892320748,71.18028089467869,80.14588577284769,38.468672682825435,23.2848701996607
2025-05-12 09:45:00,32.5273679841193,85.93007875649765,71.2997397444139,40.23767434845697,22.94478907706774
2025-05-12 09:50:00,29.753316698270105,64.49597125178683,83.69159590535335,34.7660596853849,22.37593243135156
2025-05-12 09:55:00,27.927197188225534,83.69458821673523,95.5914429445178,29.264021537358147,22.162407778438528
2025-05-12 10:00:00,27.1614351671023,76.4007043623489,100.0,39.89335155517622,21.65817999870106
2025-05-12 10:05:00,29.314827313467244,71.4196662653579,63.85987162788159,61.005277495457925,21.350645298249695
2025-05-12 10:10:00,24.904203129077057,67.40759798873215,100.0,37.26664676584723,20.855801412537062
2025-05-12 10:15:00,27.545041669841815,76.8770945029472,83.38675259959398,42.35642620727278,20.52727473333114
2025-05-12 10:20:00,28.610379695313082,70.12901448479147,45.28961773136005,31.247691072500494,20.030082992554224
2025-05-12 10:25:00,23.910084224640947,81.10142398176767,82.06051334869149,45.99461204463752,19.668451968687716
2025-05-12 10:30:00,26.973366531223203,74.80629297906043,73.2405756668615,56.99581123143161,19.43389599628609
2025-05-12 10:35:00,27.026651381844268,78.52115279678685,19.04106712700002,31.685987969572217,18.993930605756862
2025-05-12 10:40:00,24.223007856749604,91.43129589770247,69.0013394010867,31.809519764149982,18.77045735811088
2025-05-12 10:45:00,29.669580224070742,84.7413290073389,77.12584254668933,24.703839674554402,18.185777452670713
2025-05-12 10:50:00,26.430437189620143,75.82395845022134,97.14999030183448,36.16636908637459,17.813746185612477
2025-05-12 10:55:00,26.537791426962,69.09761928817288,31.73465868344781,21.14920573180264,17.597888453667004
2025-05-12 11:00:00,28.19044306158374,97.07733358189694,82.85190351506631,10.0,17.36305881573788
2025-05-12 11:05:00,29.705661477482785,55.0,84.209518342587,31.658197304759142,16.984843026588546
2025-05-12 11:10:00,28.39218963855576,70.84577847660088,69.02116009165877,37.37024047098663,16.60062429006202
2025-05-12 11:15:00,25.426736415808918,91.85855967155643,62.01246800644745,52.712837169952294,16.381501467213702
2025-05-12 11:20:00,28.906333205410718,77.34693647939135,100.0,19.023295949511493,15.879726722668384
2025-05-12 11:25:00,30.679529280274792,81.34777429123373,67.46309498255748,53.61985034521962,15.552737834794511
2025-05-12 11:30:00,27.466282503011705,91.51664743110396,81.78377549416977,54.283462606221974,15.048170300220782
2025-05-12 11:35:00,25.77233699377921,75.27996517426959,100.0,35.66497481566819,14.551794755625801
2025-05-12 11:40:00,28.31655768871677,67.01333396897273,82.37682478928049,41.217554410199234,14.03000614471228
2025-05-12 11:45:00,26.084798231342408,94.7491584141818,47.04571479758454,44.72044948188853,13.580070452785865
2025-05-12 11:50:00,27.547094556337864,79.48692758199265,40.00396643041077,53.98941672193915,13.005483561737831
2025-05-12 11:55:00,26.567280815159382,67.74522291574631,67.12704638588457,45.19256529996618,12.763615019071171
2025-05-12 12:00:00,31.457850943066806,68.35822982199244,79.5277861420478,23.69471802554072,12.353948121276128
2025-05-12 12:05:00,34.32004071575374,68.292799624963,75.62424699468002,33.94972971628954,12.119646406645167
2025-05-12 12:10:00,31.974965459773856,78.5223415225711,98.29195891426369,50.88559963118273,11.540410779563276
2025-05-12 12:15:00,28.840186308789836,77.72172468704969,76.28869142429961,69.10226390509608,11.265681059334165
2025-05-12 12:20:00,28.393155023503212,69.94634608489469,97.83926432136859,55.9451274524483,10.925853354592775
2025-05-12 12:25:00,28.38038018417054,79.53092839866711,71.29606815528693,46.09125216151125,10.547461767853779
2025-05-12 12:30:00,28.65514192684828,86.06043847672912,68.17616644407339,52.80330098549682,10.1566403110928
2025-05-12 12:35:00,31.84273481624402,74.2661727597901,100.0,40.36109362077872,9.892133148059365
2025-05-12 12:40:00,27.15346523817008,73.24482010916,61.16322133803023,53.996186605307024,9.67545183934408
2025-05-12 12:45:00,32.15257035025349,87.82315922010574,83.36140457941634,28.10113796202885,9.109433583506437
2025-05-12 12:50:00,26.37605615466431,100.0,68.84827109758047,33.199134396209395,8.81462358354283
2025-05-12 12:55:00,28.188165794402753,75.54973866559065,42.44883622966342,42.30841948389406,8.432627817138897
2025-05-12 13:00:00,27.970757653805087,76.81906798860825,85.03250137946938,45.15067536230917,7.972303372972546
2025-05-12 13:05:00,24.437009260920984,82.32799889812017,66.6859851725839,65.3778196256878,7.432550927562321
2025-05-12 13:10:00,29.230599133203587,67.0052046922929,70.41913206250607,38.983134268198796,6.988258019515166
2025-05-12 13:15:00,28.59274777812042,60.56831800771859,77.29164168728258,27.014989046762327,6.416617429281256
2025-05-12 13:20:00,28.94942815746044,73.8003559672757,100.0,74.49019484744943,6.0999904012090544
2025-05-12 13:25:00,26.728857144641363,83.3945452967312,70.83388717275537,30.239497726644217,5.510774874055803
2025-05-12 13:30:00,29.20216882473983,90.20362990215736,82.71603034649792,60.527523819614274,4.970034351261684
2025-05-12 13:35:00,26.894036289445285,94.62065875056825,88.17264158323968,41.04647598529885,4.459141055526365
2025-05-12 13:40:00,25.399822812490413,64.91001292665855,91.86563445379912,49.34801254796711,4.207856314459732
2025-05-12 13:45:00,28.37966471135321,79.97079880308651,34.398075857698586,61.299413416684104,3.9688262533611818
2025-05-12 13:50:00,26.401522766963673,72.89965644236952,75.60943118683862,52.49862875352432,3.4213943013885997
2025-05-12 13:55:00,28.84830863454903,86.86875418829301,100.0,62.872974118044745,3.070418312788563
2025-05-12 14:00:00,28.051283276398934,71.22650499599544,47.96176103126229,56.88657833845707,2.743324968913404
2025-05-12 14:05:00,26.096058631406375,71.39755792349577,87.96390416792224,63.94038023016928,2.528197223766711
2025-05-12 14:10:00,29.631121359825087,71.28403147887032,72.50755051628882,35.36488451873162,2.013785263256998
2025-05-12 14:15:00,29.256223326896386,62.82141696229347,42.290021274799805,35.803497259063285,1.5361335993343699
2025-05-12 14:20:00,27.918076294638844,84.51216771647684,51.39567249871908,35.55062151317639,1.2024229180863464
2025-05-12 14:25:00,24.932571471140943,84.83998523252487,88.40109001444978,54.20784318206729,0.6795918400198142
2025-05-12 14:30:00,28.424523620917878,80.61529568475821,47.16079248426424,45.16823099712728,0.31427908095126156
2025-05-12 14:35:00,26.160251102411628,83.62248671302258,65.65941453651655,26.60329824472857,0.03760615738029954
2025-05-12 14:40:00,27.04520458395197,78.79460958830556,76.95973226074364,48.57355939327114,100.0
2025-05-12 14:45:00,27.468811255265592,98.06017660679916,95.40198482850593,24.30639501364848,99.46791013480176
2025-05-12 14:50:00,28.418821437892348,70.73239954994509,69.98692582085302,43.54948015341066,99.07362047072333
2025-05-12 14:55:00,31.014268180138835,85.11918590814241,80.98302250127291,32.838173680398725,98.48570652926952
2025-05-12 15:00:00,28.2930821673627,71.79819364114559,100.0,44.77303576705417,98.23765567700256
2025-05-12 15:05:00,26.96250161264295,84.73174052123943,100.0,60.734568898358425,97.73138836490944
2025-05-12 15:10:00,26.332729154896864,80.07431131679397,90.52447005530614,45.71852113393004,97.3938439405016
2025-05-12 15:15:00,26.475515237610484,76.20063129501575,71.35528090375996,61.77486191145566,96.9241923390445
2025-05-12 15:20:00,28.052821280063405,100.0,79.58649542591121,14.216930454833893,96.36147187512691
2025-05-12 15:25:00,29.97505108247774,76.8917049462582,50.48524167651801,47.80109472218613,95.95148053483972
2025-05-12 15:30:00,29.481027428939946,75.85117522457026,82.7418430080895,62.91347718685142,95.35469571445985
2025-05-12 15:35:00,30.601104152078946,96.24400136605833,54.89846957034548,47.427869420956895,94.77891718558108
2025-05-12 15:40:00,30.83866293246625,70.06091111403327,71.10021369235491,55.31266248606702,94.28720274539987
2025-05-12 15:45:00,28.80888894120605,62.679419238417495,93.5511522881509,52.38749720380628,93.9619825957645
2025-05-12 15:50:00,26.089611453022368,84.71407749642617,56.02332609621797,16.19318067535258,93.55176940130012
2025-05-12 15:55:00,27.146527466164116,74.50767485907856,81.68389623635164,13.004609015180826,93.17612764465264
2025-05-12 16:00:00,30.71055339717878,55.0,86.03036483998066,30.027163726390512,92.8998540105699
2025-05-12 16:05:00,28.31474733111351,87.38181781456636,90.5255165327006,42.43672874339936,92.40824432495018
2025-05-12 16:10:00,27.11858453789291,77.22413571308962,89.00657616788939,64.02006092157205,92.1518500650803
2025-05-12 16:15:00,28.090306416507005,79.10944970351807,71.94567313931292,53.31328349595301,91.76285650751906
2025-05-12 16:20:00,26.601077140957987,89.1268103979125,96.68559644249605,27.844859580913198,91.48287973780943
2025-05-12 16:25:00,29.64065197627277,70.06561449139923,56.65577657360775,61.28287649822275,90.96470763097258
2025-05-12 16:30:00,29.836122461998016,93.60136439821379,74.95168108126533,47.32335288045349,90.57548579136032
2025-05-12 16:35:00,27.315099886419684,79.69395684493759,71.06221177819616,16.388636133687104,90.20718138224495
2025-05-12 16:40:00,28.115778405213135,81.12783327532047,100.0,50.64610554240667,89.95194495630476
2025-05-12 16:45:00,29.650023406972878,84.38986131709476,93.04513832642832,48.61087075735336,89.4752036268792
2025-05-12 16:50:00,26.21188347778575,85.02571064255974,61.960417493999415,74.98558601005766,89.13420660742435
2025-05-12 16:55:00,28.668379052999175,84.52932820520182,74.55684625619436,41.7524028131878,88.55578024792598
2025-05-12 17:00:00,26.11555523703634,67.04996003591422,76.64019748329277,36.41222153193874,87.97383943882309
2025-05-12 17:05:00,34.12526796233024,70.72421450829003,68.24531444548496,44.84899904867594,87.74080149699572
2025-05-12 17:10:00,31.382533657470116,61.60316072574875,52.9219286174043,69.47293758555405,87.24459089825106
2025-05-12 17:15:00,31.54738967361427,55.0,60.071973917983286,20.26809047092106,86.7741662093262
2025-05-12 17:20:00,25.010280034582546,83.92204115699637,30.473379610812835,48.361760514605685,86.53290593425474
2025-05-12 17:25:00,29.15975950333099,67.52427018367696,69.57670461529429,44.42595584724956,86.09252786733899
2025-05-12 17:30:00,26.467432618413277,72.05383997855158,46.44589148780154,41.21040853652398,85.88839176708458
2025-05-12 17:35:00,27.56601057540586,83.16393421672637,84.87321182803174,24.29429812806632,85.36530152525145
2025-05-12 17:40:00,27.54977268453425,66.66266520764309,54.431250180490466,41.037176028491814,84.8704964679371
2025-05-12 17:45:00,27.730975436617552,71.42132694459697,74.88222160163645,33.45681071892497,84.64502310263407
2025-05-12 17:50:00,27.649584242527073,85.30653374020277,83.22034843468158,19.06859951261761,84.04613646883762
2025-05-12 17:55:00,25.448271751063086,88.46755603029128,72.41263680906853,34.14796999152141,83.51878445629589
2025-05-12 18:00:00,29.367294623021188,74.89791630052586,65.64085520725536,53.660904389858885,83.16428047238902
2025-05-12 18:05:00,30.62367707278952,66.6750094093674,100.0,46.03134608076326,82.82562834504691
2025-05-12 18:10:00,30.531843167309688,78.02889429991825,95.65407990160021,29.77493285083714,82.35294224229865
2025-05-12 18:15:00,24.22381719353522,61.788597827173255,44.72684080885479,36.28895973575703,81.75374102739809
2025-05-12 18:20:00,27.432343961324232,63.956743450324396,74.19411823436693,42.43772108246698,81.51920535521371
2025-05-12 18:25:00,28.652908072966188,70.40316434682926,79.90570086911613,44.040961102685365,81.31218145457694
2025-05-12 18:30:00,28.436994600285676,76.4441016025657,83.59275547218515,39.597504990490656,81.02082179048759
2025-05-12 18:35:00,27.892097581164922,77.21961504468922,94.67652934321127,29.51514703784885,80.74376877489303
2025-05-12 18:40:00,28.788385438533126,94.488675209689,12.921288517762584,41.022931148828576,80.36948008431315
2025-05-12 18:45:00,29.907387571651178,84.16573296779661,28.485803101051353,47.200341467577886,79.9008457051036
2025-05-12 18:50:00,29.21500065268426,73.52236449044031,95.25579778806261,36.469889034840904,79.50081283261426
2025-05-12 18:55:00,26.520664803354787,100.0,85.83452611038294,39.84825685128002,79.0228478994182
2025-05-12 19:00:00,15.946938094619004,85.31486199880206,4.276199541756462,24.47237761409258,78.54531934194851
2025-05-12 19:05:00,17.185622082572134,94.25936916108321,2.7620878025418047,58.13463968847634,77.96872930047218
2025-05-12 19:10:00,13.43451274012775,92.47382009167922,5.257220911168228,43.120779729824626,77.75431497492123
2025-05-12 19:15:00,17.471648787618935,79.1276793805825,6.943655489393817,47.556588944151535,77.43603375301976
2025-05-12 19:20:00,15.800017254934009,87.83197912015355,6.0148818831677,10.0,77.22017988506384
2025-05-12 19:25:00,17.668682163914244,80.27494657212883,5.897053067892231,33.42712206982118,76.83005130732342
2025-05-12 19:30:00,18.17843945470205,83.18081263241122,3.6243581143131065,61.731726504795546,76.49039313623561
2025-05-12 19:35:00,19.939960676244816,76.18990014459301,2.3883619947912407,71.84431178630638,76.13236544101369
2025-05-12 19:40:00,16.990670638039802,76.01387560129558,0.0,43.36224058408985,75.61058484891765
2025-05-12 19:45:00,20.469381865940857,70.11213680769806,4.011750420706828,49.62040542447387,75.23884369325513
2025-05-12 19:50:00,17.555633180780386,71.71321956261981,8.493815092903462,19.057077786260535,74.84892519667555
2025-05-12 19:55:00,16.893086995011565,78.8613628504162,4.343500956465965,43.266174984407485,74.55136089544277
2025-05-12 20:00:00,18.874042396846203,60.89508428558142,11.056540406402975,44.21961709005458,74.22580898171002
2025-05-12 20:05:00,18.842153279672807,92.13247877697705,2.2458723524283326,31.262586574523176,73.90982516856522
2025-05-12 20:10:00,17.581994790633154,85.44584241530133,6.6736451807268224,31.546895163179926,73.43690016713623
2025-05-12 20:15:00,14.70911472759616,89.66625949685786,5.009664358115144,40.606925166037165,72.96103160671059
2025-05-12 20:20:00,16.956889535130557,80.21292306424452,2.397179130684914,35.84868650558187,72.64229181365742
2025-05-12 20:25:00,14.899100908324527,62.029759702752514,5.727931399278985,47.188441757538016,72.33330978972137
2025-05-12 20:30:00,16.492122872017585,73.60976705413033,4.040998598676851,48.15388261326503,71.9409077027712
2025-05-12 20:35:00,18.027652509139685,100.0,2.5229321825733386,44.04248361989766,71.46731984253499
2025-05-12 20:40:00,17.75113958832566,70.47991053480906,3.1613314268616453,23.893323368842065,71.10047263071962
2025-05-12 20:45:00,17.983160808065715,74.94893884581275,8.167085052375839,43.68549349295171,70.75128986267043
2025-05-12 20:50:00,17.643413977628324,88.02353299964028,4.172768136699175,34.50495982471159,70.3270503489704
2025-05-12 20:55:00,15.289373617735764,63.74226452657362,1.206948409421015,24.908174283453278,69.82724232086628
2025-05-12 21:00:00,16.780074754178617,66.05254865312546,3.320469639127881,30.721759720892344,69.35402447253335
2025-05-12 21:05:00,15.774686699607733,55.10524099065758,4.460828032162506,62.80996419763083,68.98601165937116
2025-05-12 21:10:00,15.793280419860611,91.87651901523432,6.249975234752718,25.966676497230484,68.60327300616463
2025-05-12 21:15:00,18.112727330543635,72.03438430981531,6.793464964075172,41.63851314946218,68.15106513693546
2025-05-12 21:20:00,16.342661574198342,82.58135328688249,8.27295897029612,26.140374347094024,67.69743970213739
2025-05-12 21:25:00,14.030851555290925,89.34022695875593,5.895503013361146,36.60387897470897,67.44160298048645
2025-05-12 21:30:00,15.890343508627431,64.58305408529971,10.896632795674101,43.51052638932779,66.96743489773607
2025-05-12 21:35:00,16.09163379553131,83.4972828837153,4.829808208517405,51.70333504490141,66.52541849002628
2025-05-12 21:40:00,16.273847430321307,76.77974428960867,3.9363249686928694,39.77553819414817,66.32214706197287
2025-05-12 21:45:00,18.13197437814638,67.85740582992145,2.077495862893694,41.34135507072253,65.75520829171572
2025-05-12 21:50:00,13.804698823780999,68.15805296154443,8.285749340933547,39.23536750203934,65.42066808239107
2025-05-12 21:55:00,16.050621625230104,79.77220225622422,6.502353037539566,25.0251230516711,64.85071670193548
2025-05-12 22:00:00,19.18896434075919,84.51059241188406,3.756523111641469,27.687627954368473,64.45717475233334
2025-05-12 22:05:00,18.89406968322875,65.29532936066786,1.8999999910034777,52.99440146034415,63.974023075054916
2025-05-12 22:10:00,17.299632653879797,75.04694148732777,5.9630701803933235,58.67180330019532,63.69794400325673
2025-05-12 22:15:00,15.878521744531566,77.96204341567325,3.213855720592183,37.65187944916087,63.48649026683192
2025-05-12 22:20:00,16.25673097734153,86.68884761944219,5.098396756337592,52.35803640696852,63.21579518049719
2025-05-12 22:25:00,16.780411274292888,91.3015286554803,8.881611887107438,33.36118389302516,62.98755050408043
2025-05-12 22:30:00,17.646719746637554,92.78621707206871,5.645649388204837,53.919245564173266,62.539180547980294
2025-05-12 22:35:00,15.75155734853982,100.0,6.630678887064212,43.1287387134848,61.963952292954595
2025-05-12 22:40:00,15.4251512702245,77.94227057769045,5.150369302440541,27.51717744061262,61.48513514203129
2025-05-12 22:45:00,17.088818564765567,90.64295475457003,5.488091301200299,42.932448365417486,60.97142413081226
2025-05-12 22:50:00,13.819624089144602,81.99319796422826,5.410189649110522,39.82453034714732,60.4299299927438
2025-05-12 22:55:00,16.36839557744697,92.34518446976286,6.497025650932692,60.43252568073738,60.12134079931341
2025-05-12 23:00:00,15.845977942809753,86.29863102052083,2.966180139590295,49.926073789152724,59.67337367337917
2025-05-12 23:05:00,19.332246924416445,81.68348276071593,2.638573468477657,56.85618202769062,59.186835829017
2025-05-12 23:10:00,17.724041388295127,95.37017651385393,3.4909463160735257,60.190240881028046,58.755184874133384
2025-05-12 23:15:00,17.035077626366323,85.28924970926953,5.903968039656829,30.582458560847417,58.18916837971552
2025-05-12 23:20:00,15.545371817722206,67.19061162966744,5.516582670250731,33.38702578265933,57.82468189008334
2025-05-12 23:25:00,17.217181736507815,80.88566322509729,6.75494309066409,38.545655298936715,57.5699265813093
2025-05-12 23:30:00,18.63349083115238,68.88149205496055,5.703895705891382,26.4314079858627,57.30450556086015
2025-05-12 23:35:00,17.93389565362888,81.15441681405666,6.1076602052968525,52.610272820149305,57.04969952225083
2025-05-12 23:40:00,15.595968152904401,73.28460022248629,4.979965185825682,51.30400294561689,56.5717083491737
2025-05-12 23:45:00,17.354721387510224,86.63274053812513,5.939875081679839,36.267912038473725,56.14832688869975
2025-05-12 23:50:00,15.497606852896114,77.66528813526169,7.93960048605628,43.66046480974066,55.629537067070295
2025-05-12 23:55:00,17.514985812359424,78.85201423160305,5.777540135783209,30.656913338154254,55.39339373433545
2025-05-13 00:00:00,19.399809648066146,79.17739964089657,11.115877090616696,48.13706083152525,54.81553323321535
2025-05-13 00:05:00,14.223174268867966,91.18116585281514,7.601352373197736,29.70211232795774,54.246294723890905
2025-05-13 00:10:00,16.414303405773992,64.20692177113017,5.012474944725277,48.802729567822574,53.947519880534195
2025-05-13 00:15:00,17.248621304306642,86.11623106591043,1.387736350183772,59.50987370910766,53.61509751409532
2025-05-13 00:20:00,18.102868358333208,64.475571322002,6.229875036561306,37.17111684019003,53.121751345020414
2025-05-13 00:25:00,13.552422603441034,65.4478463706279,0.0,59.409798697755775,52.82325058982248
2025-05-13 00:30:00,19.555214732381685,77.60218099877281,2.780903875813479,45.83641311458547,52.30512092279963
2025-05-13 00:35:00,20.460762093302073,83.1270962051031,2.0279227320736357,36.676844008404224,52.027796789380474
2025-05-13 00:40:00,17.45950791244735,86.14752246252209,6.986167947443197,40.534757219422346,51.57517955509722
2025-05-13 00:45:00,14.226816157778252,87.10604443049145,3.361078783274328,56.8686317551278,51.3488901159442
2025-05-13 00:50:00,16.456542423696405,69.4501971833275,2.1520162324463725,57.30662323600405,50.92483694007662
2025-05-13 00:55:00,16.99852839950346,63.95208540736287,9.407350017085253,50.95603463376021,50.55570807280023
2025-05-13 01:00:00,16.34361993000579,76.74146817973597,8.381902489089816,22.11688754225173,50.06850149497077
2025-05-13 01:05:00,14.612880269783012,59.4690824865237,3.397359195973774,46.482943425628406,49.50011206197688
2025-05-13 01:10:00,14.076419059930995,68.90197709629464,1.251585908797078,43.83294188149409,49.118820693549374
2025-05-13 01:15:00,17.431949855586026,74.43197989591764,6.25768388382768,31.073379771807936,48.568396084669125
2025-05-13 01:20:00,19.81911555286505,66.4442374831855,12.869086872939574,50.29334051141846,48.254859959625755
2025-05-13 01:25:00,17.09627726463493,75.58748988062777,5.157129557027105,66.03426008453613,47.65700811645968
2025-05-13 01:30:00,16.624404913878703,83.75487843018306,3.452412217332087,52.85391119681495,47.39733726559309
2025-05-13 01:35:00,17.18341773701292,68.0614489980029,0.0,31.062596904976175,46.890377961036094
2025-05-13 01:40:00,18.525986103365064,83.35614343285542,2.9596060444388583,36.182592910073716,46.67022286458173
2025-05-13 01:45:00,18.755306833798187,78.50105240631503,4.8278842412816845,31.982310367366747,46.147047106595224
2025-05-13 01:50:00,14.133757372419904,75.88674656258245,1.8220921662721246,36.92985012631083,45.6674738669671
2025-05-13 01:55:00,17.169244728048994,80.58821795556997,3.0282421263657047,36.63305848986126,45.41008661160895
2025-05-13 02:00:00,16.580777098462733,77.06887271163954,1.9890883311595715,49.726097445208445,44.95413409285003
2025-05-13 02:05:00,17.336684703944357,82.96998021587737,2.956716974432937,58.92951643396567,44.468596451561204
2025-05-13 02:10:00,16.15170596469874,87.32234780622788,5.169703481999501,57.2729379342069,43.925193376492466
2025-05-13 02:15:00,15.84365487740878,65.0506439485318,3.6181851041846835,48.63011062493005,43.66676086227229
2025-05-13 02:20:00,18.177671360408265,76.21585382351091,7.420063033372658,50.801231385023435,43.10163927630444
2025-05-13 02:25:00,16.317489437667305,84.13597831603904,0.6367787125962225,64.42448078502377,42.763589538698625
2025-05-13 02:30:00,19.413347131634097,73.2085189622021,3.9373246122131462,65.19266373413639,42.559572117227454
2025-05-13 02:35:00,15.040956249202031,79.09585745489137,2.757880663757404,45.169446130419885,42.29815591557451
2025-05-13 02:40:00,18.479979739455406,95.50210153046814,6.911993808565678,42.60631486868308,41.75298794619143
2025-05-13 02:45:00,17.556685223872076,71.58348127124277,2.8366022625262493,37.71191431780578,41.309639900134314
2025-05-13 02:50:00,17.855896238773262,61.1915380386733,5.634241243723704,59.46132771988505,40.76266375022767
2025-05-13 02:55:00,19.69459505244619,89.95430392071307,5.137685628292217,58.80550722677168,40.38640939938049
2025-05-13 03:00:00,15.09372990141138,88.64155129670276,2.2879397289679386,53.277162040199514,39.82488436422762
2025-05-13 03:05:00,16.755039004494375,83.70512969338215,4.015884032706101,44.185934059523326,39.33156891933365
2025-05-13 03:10:00,17.026278861668864,67.80118899460263,4.531886180508866,53.55936744062865,38.99431264039377
2025-05-13 03:15:00,18.77511488424915,76.33019614833336,9.072101728251202,43.89361730927657,38.58707478288145
2025-05-13 03:20:00,15.745943597757647,73.2982548456567,5.1829541811731366,41.20056671413814,38.13303262191414
2025-05-13 03:25:00,17.987529203290606,93.36013801193258,5.298536613987388,31.225776760354165,37.80803744962275
2025-05-13 03:30:00,18.894392170562636,91.48121953201637,4.840292889979811,36.0476956231391,37.50455774669375
2025-05-13 03:35:00,16.146936527793038,63.425470711642866,9.690619809593784,35.04021465451028,37.123303053704
2025-05-13 03:40:00,14.945382995772258,93.57192359165857,2.652779262660508,56.596698363873976,36.54014277241617
2025-05-13 03:45:00,17.970270766368294,65.32890148671832,0.0,44.64510379843674,36.140330112110036
2025-05-13 03:50:00,17.050262321186608,70.25314776123743,6.2283110690840555,37.09443506378514,35.58534727137938
2025-05-13 03:55:00,15.523852556517097,83.83484996111757,5.154135439554481,37.26468093545925,35.28965815113898
2025-05-13 04:00:00,16.019609431084863,60.81521434215602,6.314504584895168,65.0734833535617,34.85833530300563
2025-05-13 04:05:00,16.447994098181212,71.97378849871838,4.826612215151682,27.527877036348553,34.26103367066811
2025-05-13 04:10:00,16.82666697432031,89.50857583055941,3.5406590553994306,45.04844249933137,33.9412214317466
2025-05-13 04:15:00,18.276769072450847,77.5623584477514,8.758059955863494,31.92178348213963,33.554236816543806
2025-05-13 04:20:00,15.57219846721927,89.77484525487644,8.886769428431963,35.145233950237746,33.1694548072041
2025-05-13 04:25:00,14.892529496226743,88.39125783492904,1.790728037337181,39.841667003513486,32.87690439112606
2025-05-13 04:30:00,15.07436992686878,71.96272179708296,4.735570125736622,35.59325989949781,32.4415512538695
2025-05-13 04:35:00,15.605985690667667,67.95331130265374,8.176237577097606,68.3733978553937,31.99566119398696
2025-05-13 04:40:00,16.267635139184893,79.30781052520517,0.6161384116208435,32.028109628051276,31.70903291521833
2025-05-13 04:45:00,16.62952923184206,72.63055349478283,1.758134130675613,41.812827465626924,31.375741792074056
2025-05-13 04:50:00,17.863718059327798,79.20055670126096,6.228670028022374,53.24881444036729,31.027567274857297
2025-05-13 04:55:00,18.187544140108713,66.30435943174055,4.243193805315528,41.002839735163846,30.470500928249866
2025-05-13 05:00:00,16.08661387300579,69.61510450766905,1.713614457819383,52.49776440029592,30.188684271705455
2025-05-13 05:05:00,16.50651127844345,92.5557943860216,5.340976857308432,36.46595037333879,29.963701686956437
2025-05-13 05:10:00,16.459336896376293,74.58915387304623,2.5697973171321395,54.069003457254524,29.61188624524049
2025-05-13 05:15:00,17.139668607582383,70.35955842794928,11.228852316441621,32.243018798066664,29.40708621725513
2025-05-13 05:20:00,18.140700675511894,77.88937814211438,4.387173998385751,50.26035415177094,28.822595211041346
2025-05-13 05:25:00,14.871846878967569,67.17070207492105,4.22722898701425,39.04268772492095,28.276908039208912
2025-05-13 05:30:00,16.6476694903356,83.16738070493354,7.64667162911943,32.709550083523304,27.861159535503948
2025-05-13 05:35:00,16.882541446163923,70.50839124539328,4.271436682811994,64.65144621281178,27.310212486211675
2025-05-13 05:40:00,17.444281657257065,60.021956678036005,7.026671303041903,28.131434396521072,27.035416016375766
2025-05-13 05:45:00,18.753056050505826,83.94538018833428,11.624347255810779,51.72057541796526,26.69671314744713
2025-05-13 05:50:00,16.710119357174623,69.42152494109261,8.906988159781196,39.504070157482055,26.47626942019936
2025-05-13 05:55:00,14.62966881946669,72.83289367726712,5.113376488141187,53.91496669026116,26.21694668752822
2025-05-13 06:00:00,17.673013229189845,89.32639545594184,92.68667744478108,52.6324071743697,25.75834252222617
2025-05-13 06:05:00,15.569614937177718,75.79896287379573,85.07740618316657,61.96342247353963,25.530456053136696
2025-05-13 06:10:00,18.22327790299325,71.13871304659973,72.73798415436184,43.16304324273813,24.987352586496552
2025-05-13 06:15:00,18.75031443589676,55.0,96.36880148147776,37.95768803833464,24.714167746156967
2025-05-13 06:20:00,14.897140018240295,79.76105425474344,98.2823287852768,36.36289921197891,24.178332076233747
2025-05-13 06:25:00,16.03767600903665,77.56462611085965,89.66338188465548,48.244175133439235,23.607711210206514
2025-05-13 06:30:00,16.497616053423283,83.9960339345978,52.3780462720059,29.070370159291404,23.388498743116624
2025-05-13 06:35:00,16.92503659670325,73.14122613647693,50.52422363649694,26.112308500157617,23.108632833494642
2025-05-13 06:40:00,17.343905737265917,88.86068746493441,100.0,29.126099173335437,22.532514257410547
2025-05-13 06:45:00,17.362755664519316,73.238742176451,78.05377695470447,53.28622661184106,22.330205697392675
2025-05-13 06:50:00,19.296458016579876,64.34211058993864,72.78338995915581,33.15296404969864,21.994897400126572
2025-05-13 06:55:00,15.683279938157236,55.93547629259834,54.27659541343315,41.07051386716323,21.43674396260192
2025-05-13 07:00:00,29.387006625447874,74.2754225400687,90.85856632237645,51.491759940328464,21.14596475984985
2025-05-13 07:05:00,27.68160761066622,91.75227406505509,23.351271926072634,50.15171921185969,20.805812191308178
2025-05-13 07:10:00,26.485603669157527,91.12315677779596,72.48156544747303,60.551319855469444,20.243270744707953
2025-05-13 07:15:00,31.82520204165301,71.37435918174299,61.02629792064151,54.69623153276536,19.686328309397815
2025-05-13 07:20:00,29.058440197011823,82.61407239678549,100.0,27.510226195113297,19.357627126012073
2025-05-13 07:25:00,30.00179265973008,67.28542508088513,87.58143200891278,42.21669997535623,18.829832469162938
2025-05-13 07:30:00,27.43029687339485,72.48011470346093,100.0,37.866153056450294,18.549244033409607
2025-05-13 07:35:00,29.740992795139874,86.64561897419951,69.75287081570197,22.715220618891966,18.31031721099442
2025-05-13 07:40:00,31.18771943580964,72.80310003729721,88.04550304797834,48.547275917912486,17.915138121826043
2025-05-13 07:45:00,29.35981461299822,93.30390413230401,52.40685541802808,11.940965448697455,17.666139235609748
2025-05-13 07:50:00,30.803953397809096,83.20901361549102,62.49273874466782,53.806064388177404,17.37096873677546
2025-05-13 07:55:00,26.862536195875634,70.92817608767261,83.51044128963284,38.83678801622976,17.128707316686928
2025-05-13 08:00:00,24.844832210688416,69.94990582715826,91.45153286603446,42.73082254707974,16.916864720398035
2025-05-13 08:05:00,28.972422949934078,80.30842706432152,83.16409667833481,37.42540967220661,16.5279138289829
2025-05-13 08:10:00,25.896766801005462,85.92063795292395,11.908693540556222,26.880342575933106,16.30727555926788
2025-05-13 08:15:00,29.836367071831592,57.12179750843052,68.31305482738674,29.984818806206324,15.875879489591384
2025-05-13 08:20:00,27.861797457071248,78.44149217897444,68.33376182176829,30.91841781203405,15.625374849953086
2025-05-13 08:25:00,27.73743148566667,74.4281451883811,40.13471030261207,50.84797654874535,15.137618123734663
2025-05-13 08:30:00,31.43435696521295,84.35343825254873,73.37195848938424,43.66517141262085,14.718927963000267
2025-05-13 08:35:00,27.745316189482896,83.18273514448995,100.0,44.61154331865376,14.227418523982635
2025-05-13 08:40:00,29.856192017506515,77.94844708265155,81.35132190387013,48.66419073138296,13.863323615799825
2025-05-13 08:45:00,26.2185947495547,89.8525459044932,80.28037623892432,42.32946478865687,13.32569638807878
2025-05-13 08:50:00,26.117522788382736,61.34803716103551,70.8716855241666,67.30538011639302,12.833490511876066
2025-05-13 08:55:00,30.66463216970575,69.7397875471659,70.65705747143316,37.147884364100996,12.524655765257707
2025-05-13 09:00:00,29.219744439633594,85.1628503319331,100.0,35.622034802914705,12.214503285751732
2025-05-13 09:05:00,27.225907969558875,70.27801562014568,47.567826531085956,29.910873421169015,11.936293421201723
2025-05-13 09:10:00,30.998355563012158,64.93594508195794,82.40967635677607,30.30335483535587,11.587327747140034
2025-05-13 09:15:00,30.381636495791398,78.20505265401893,74.36451740869624,23.07497687366291,11.2275907868905
2025-05-13 09:20:00,25.935117050652472,59.3050385177478,59.82546245447999,32.92048898119802,10.694374939714653
2025-05-13 09:25:00,28.57442043016789,59.16464931364047,29.00125089037207,50.74288588502801,10.304166816841908
2025-05-13 09:30:00,32.44802548191278,81.66047743283742,74.30800919602875,28.27181168085543,10.02022940719033
2025-05-13 09:35:00,27.88033590136358,78.53079091654192,54.10593351906868,65.07459764614131,9.53398748772842
2025-05-13 09:40:00,22.95127205459881,92.36045527452153,64.55135652497273,38.20422623646696,9.169839953177227
2025-05-13 09:45:00,28.942822649010562,78.2321326071407,100.0,59.97993528189234,8.745544040586994
2025-05-13 09:50:00,27.498235101193295,87.25353764875412,42.708485361277184,67.50444549080608,8.505496138057485
2025-05-13 09:55:00,27.255404799290048,74.4403739154712,61.907548569723325,41.6453798352279,8.198155748563373
2025-05-13 10:00:00,26.411719148590244,74.37838205147044,51.25418578305744,46.47452787293778,7.991549370074468
2025-05-13 10:05:00,26.985476071043422,68.26446252556492,56.81426541379167,52.40098459547795,7.592563830801287
2025-05-13 10:10:00,29.141589330525203,78.0807333179614,64.80570639270955,32.032416018069284,7.028892139585181
2025-05-13 10:15:00,30.122070067000312,64.28099029138934,99.89610132426505,33.11514722652276,6.454172396957041
2025-05-13 10:20:00,25.555233922621145,63.40140362193128,98.60812576190914,44.39710330912416,5.904694532199141
2025-05-13 10:25:00,28.40119885522345,67.78124125388706,76.79723563137904,64.84100187568805,5.310295933842989
2025-05-13 10:30:00,30.323675510428764,67.30873479088552,100.0,22.728100883736776,4.856918310751392
2025-05-13 10:35:00,28.170020020675683,74.11154391482121,100.0,51.37864793813455,4.520431100803928
2025-05-13 10:40:00,31.220006303535776,71.40705306997744,81.65502283290881,35.848552121872686,4.191010112667748
2025-05-13 10:45:00,26.684141013886325,65.79275511062944,97.62432277617528,48.07596904680736,3.6040595645664877
2025-05-13 10:50:00,28.18095766351299,91.20162873501275,71.59432300424078,29.507187545618972,3.2543194160926787
2025-05-13 10:55:00,25.540120173749063,64.33135204715695,100.0,50.22784789577947,2.8294153481518673
2025-05-13 11:00:00,22.86802190239139,78.39621094227495,74.55014236371704,55.80333945281839,2.521757107304611
2025-05-13 11:05:00,28.023496993748434,84.22522994806963,58.88917721254869,44.64163518061723,2.1337464838330478
2025-05-13 11:10:00,29.804729863991522,96.10842915160625,79.9061842014665,44.35449718872689,1.818022982005821
2025-05-13 11:15:00,28.51635513037485,74.52240058293988,50.42225443977419,56.15860500932554,1.254914301745063
2025-05-13 11:20:00,21.627746021230326,81.04147814647871,92.99268221166284,24.57040202974519,0.9177496553671243
2025-05-13 11:25:00,30.0185863381959,84.0658579809375,63.23539652577806,42.02623164889232,0.42941719126866545
2025-05-13 11:30:00,27.834609617796385,94.7696084363408,51.45721409091021,25.438902589588842,100.0
2025-05-13 11:35:00,31.45277973612775,87.6774111530756,67.71192257508628,57.78605666065066,99.5811098647318
2025-05-13 11:40:00,26.48967421808505,86.92316900652355,74.83719477499248,53.27806733536852,99.32228712748143
2025-05-13 11:45:00,29.999958821201886,78.24982789206534,80.56464626492256,44.60084952998308,98.89993513100328
2025-05-13 11:50:00,27.522249703178577,61.982986193461144,52.26713971820301,36.45779782995855,98.58176564552845
2025-05-13 11:55:00,28.900924898553317,82.68738507061856,78.2309192791463,53.045751431623145,98.35398124570054
2025-05-13 12:00:00,25.909058538518135,72.19199822757923,67.02852036961593,32.68204437246116,97.84342841596116
2025-05-13 12:05:00,25.826618175264535,69.45844180651589,66.20813285399936,37.57582905427717,97.39966156354723
2025-05-13 12:10:00,29.328965940473196,62.0327094407405,58.96166818501837,58.649876992144144,97.0776549135322
2025-05-13 12:15:00,28.378167783199167,92.2054007990465,95.90176674929327,66.71187612771016,96.57566900453364
2025-05-13 12:20:00,29.586408240674125,68.34586151055507,92.49208291023464,41.17022420600948,96.25028430925315
2025-05-13 12:25:00,28.680557567802015,77.46487861681653,72.93907160043975,40.708313132990845,95.96332666153151
2025-05-13 12:30:00,31.994178421561582,76.17876326413094,63.01150109943585,36.295534663473994,95.61543703048237
2025-05-13 12:35:00,27.228522958888078,62.06220822379437,61.33725623274254,40.199781715943004,95.08001636105796
2025-05-13 12:40:00,25.21055062948062,83.30266508395903,57.93416848923549,51.232793291821,94.69735013594507
2025-05-13 12:45:00,28.29527736141033,55.0,100.0,57.12195345755386,94.24578718715158
2025-05-13 12:50:00,29.108892966922333,81.99800203616597,75.15350390097448,29.899605184636062,93.83704725308989
2025-05-13 12:55:00,32.32318085604481,88.66248030946011,89.75259368390451,41.85296719020192,93.31242476381306
2025-05-13 13:00:00,26.940873067389568,89.69272446211576,82.08720006617077,40.55749408602229,93.01050908080707
2025-05-13 13:05:00,32.208163473284486,63.8131385710305,100.0,52.07329759702942,92.4661887510193
2025-05-13 13:10:00,27.014542427061137,100.0,69.06936946427746,57.23654302371597,92.2139510830208
2025-05-13 13:15:00,29.43687488968406,77.00365179136838,57.37077297728232,29.40012337562569,91.67186350153919
2025-05-13 13:20:00,30.096725331830548,76.99592577757441,90.46063660613834,40.29641725478681,91.27037277414763
2025-05-13 13:25:00,26.90991137000382,87.60270481944518,60.95878846985397,50.32861302895046,91.03789551038751
2025-05-13 13:30:00,30.824826103762618,88.9319121062719,62.143606245247454,55.68305241138946,90.68451145250873
2025-05-13 13:35:00,28.715994956452338,73.33189926878806,100.0,51.740124188536974,90.4343490562948
2025-05-13 13:40:00,28.624628092884407,83.33857782096197,76.33729939730242,54.8950099000727,90.20775381003477
2025-05-13 13:45:00,30.327864067853355,63.90950529300483,73.40217507826321,39.108453499853965,89.83320206759441
2025-05-13 13:50:00,27.973075721144163,69.83067625303809,100.0,46.1056485434939,89.25065077309655
2025-05-13 13:55:00,27.10783500833138,70.91757255405209,73.15703057888572,30.545627480985175,88.94345032158246
2025-05-13 14:00:00,26.60827205592673,92.83123794078196,84.57907107924916,19.952585179714585,88.67817516862559
2025-05-13 14:05:00,31.07513106262015,69.83738260571737,72.23331740876985,38.70733759643732,88.26630908017052
2025-05-13 14:10:00,27.761238657672102,84.32584137010689,93.5281409870192,26.390577331861884,87.78395967303271
2025-05-13 14:15:00,29.871045187797936,85.9069903542381,91.4103527456799,37.95581193720736,87.23101292622941
2025-05-13 14:20:00,27.285666282301314,78.35940023076607,72.7705857836342,51.431484305800836,86.73391245275636
2025-05-13 14:25:00,27.269976061826636,93.53593532935484,50.610026843153605,37.18895571909256,86.3804327221792
2025-05-13 14:30:00,28.50088604663662,90.1276988211184,82.56956892691768,30.227320462209573,85.86919477312091
2025-05-13 14:35:00,26.925049487690906,70.17580560912934,92.61355766407306,23.875993155612484,85.53804785021617
2025-05-13 14:40:00,24.67284694182943,75.7802978749408,97.49247904987115,55.34422616593321,85.0197468984163
2025-05-13 14:45:00,26.947206498731006,62.70620021981252,69.67088946268235,41.67851956942993,84.64977471470058
2025-05-13 14:50:00,28.661704223957646,69.17019807293231,78.1868428389773,44.50808063015344,84.20001279406328
2025-05-13 14:55:00,27.460501123962857,72.3340287823126,68.7113568842526,63.75437861052477,83.99099675945097
2025-05-13 15:00:00,26.994171224413186,81.6613145908672,60.14797750341971,35.1353073580396,83.48765985028326
2025-05-13 15:05:00,25.87733219256589,59.6486697332232,63.87206666911419,13.461111371003156,83.08816255994499
2025-05-13 15:10:00,26.957780823033513,77.11635294771301,45.43004110661755,31.620170596423943,82.8437833617976
2025-05-13 15:15:00,30.13440438846276,75.84117311496473,100.0,64.11623879051893,82.28845751604369
2025-05-13 15:20:00,27.229170772264162,76.49296487344232,100.0,34.59389170361198,81.91014959479136
2025-05-13 15:25:00,25.69821559848241,82.49394273410421,100.0,49.461301420864174,81.40343047529053
2025-05-13 15:30:00,28.58171601600873,87.3053789372952,60.2222381072673,49.63348405249264,81.0635122985565
2025-05-13 15:35:00,29.134492652907685,75.39933733614119,61.49292467840017,37.63813189245001,80.84136189897869
2025-05-13 15:40:00,27.85562064166137,66.76035538488617,100.0,17.755678991647564,80.27605731068725
2025-05-13 15:45:00,24.55707077786561,70.0367436287703,92.4171056319459,37.65195859891514,79.89564188587599
2025-05-13 15:50:00,29.463473574369594,74.76942768483629,55.54345746342666,43.37598261353203,79.61176832486355
2025-05-13 15:55:00,28.060269345228566,83.06228923102866,59.2545092817475,51.959493544030614,79.21417404662958
2025-05-13 16:00:00,29.83272512582118,74.27706368894984,90.582448564375,38.74614860066308,78.64514024744241
2025-05-13 16:05:00,26.62653577604172,72.87290358245639,76.8212336471773,28.38548406252624,78.09988101364866
2025-05-13 16:10:00,29.909415539086023,74.54390424265945,88.77458555168477,38.13744633288483,77.5510898953998
2025-05-13 16:15:00,25.087200174935525,93.47808276872618,77.1617469250373,16.976283390355917,77.22734642709483
2025-05-13 16:20:00,28.79619667869064,69.59668497037629,76.74490274051368,50.60680344251615,76.70439101144584
2025-05-13 16:25:00,29.003230892850155,71.4816865755303,43.46260824226958,40.30181771010139,76.4397241309545
2025-05-13 16:30:00,29.140189060883714,74.58796833217855,78.83152402975499,56.887394767838344,75.95472546823669
2025-05-13 16:35:00,28.372448162965185,92.10095939185913,59.390365687760806,28.05368825699682,75.38235275604681
2025-05-13 16:40:00,27.700925425403657,70.90618474886398,90.05856567934237,25.101897747138185,74.9472564650627
2025-05-13 16:45:00,27.158290571499272,77.24427685334611,100.0,46.06653469290089,74.60123360547155
2025-05-13 16:50:00,26.936357536035334,85.33049021012953,44.00604508615173,35.55036448542145,74.12778586659019
2025-05-13 16:55:00,28.5491625914856,79.48795832660551,59.41564504298232,47.36069787824091,73.62841273773999
2025-05-13 17:00:00,26.349559307493298,79.33757466102624,100.0,54.949160300190265,73.21109477288347
2025-05-13 17:05:00,26.7273340288052,78.58013102353797,89.91071838529021,38.67678145498326,72.71035574281233
2025-05-13 17:10:00,29.376328812989968,59.42789182048261,91.7996908774936,40.541354963498364,72.21021966121667
2025-05-13 17:15:00,28.248309639466168,97.00793635558666,100.0,49.13746204012445,71.93760398292997
2025-05-13 17:20:00,28.802353086460684,75.54010520553003,47.192223925928225,38.53998821330188,71.50731298357167
2025-05-13 17:25:00,25.62992431716629,88.15462383610289,66.81715364341672,47.08033656601969,71.1874030355851
2025-05-13 17:30:00,26.152578914711004,76.74983294519849,93.64887751366467,42.27137822558594,70.63384730751173
2025-05-13 17:35:00,25.703206731843842,79.86949420173242,86.2788551577975,47.03707322761852,70.14611839930949
2025-05-13 17:40:00,29.592042031766802,92.0640773887132,83.49094532521718,29.62605735261041,69.5516443825866
2025-05-13 17:45:00,26.298937640812568,81.6973310582225,85.75057870480903,41.048410118024414,69.32814083318472
2025-05-13 17:50:00,26.070966379302305,80.36756722694089,90.06503013911065,33.9760990917761,68.8889811374147
2025-05-13 17:55:00,25.9496584730031,81.74770607376757,94.13440214949692,51.63658131747849,68.57171451388578
2025-05-13 18:00:00,25.887580207361985,79.97057518166207,100.0,37.02919652514369,68.32740948809918
2025-05-13 18:05:00,25.897195887197284,71.86825745891153,68.5428062279815,50.81117182865457,68.05844206671608
2025-05-13 18:10:00,28.66712377381121,74.1826047230983,79.39077143797007,42.03055629449083,67.49223070471626
2025-05-13 18:15:00,26.86828633413512,98.7893364223151,87.82720750280659,41.9417158260115,67.16269110766046
2025-05-13 18:20:00,28.317987257346463,92.588324964419,61.14462661124033,33.494041768509206,66.90809112202851
2025-05-13 18:25:00,27.564709095947247,82.29694815309767,38.221482503593556,25.182191813761456,66.64188941378403
2025-05-13 18:30:00,25.835143186631313,76.0421897527522,52.43547932958522,66.00066784348613,66.26389758451359
2025-05-13 18:35:00,25.613558889995723,62.69050493366947,56.46498123873921,34.05495180180612,66.0296668774858
2025-05-13 18:40:00,25.382216782325784,81.18580676931747,42.030843759005975,30.617073884242043,65.77613498852833
2025-05-13 18:45:00,27.81322016657707,72.47807982720735,91.13130025369942,21.91687340542621,65.43639769908121
2025-05-13 18:50:00,30.751620987348076,85.83056743654102,100.0,48.941898211303176,64.97572234339705
2025-05-13 18:55:00,28.6309805290647,75.99857576296998,100.0,45.51363534986967,64.44470641060178
2025-05-13 19:00:00,15.771792117166006,73.57746560441812,0.0,48.741493408761116,64.2099892382189
2025-05-13 19:05:00,20.243197263979297,90.11604469024809,1.3398481890924852,50.65441538362134,63.91105427716721
2025-05-13 19:10:00,17.680497366559525,72.64073542146473,3.2446415565989013,31.181063774011324,63.31902488126218
2025-05-13 19:15:00,17.60690277742791,96.7658359753355,2.1465122437624755,42.63689754378579,62.75880857802061
2025-05-13 19:20:00,16.759187555848897,87.59305177833048,11.420278362575063,38.77635995987013,62.44404278052203
2025-05-13 19:25:00,17.14079044802521,68.19342771855888,5.491226359954317,44.76263137393629,62.13225199619205
2025-05-13 19:30:00,18.094851635368208,83.29253049300961,7.955221819569557,60.60837731976931,61.895490506879554
2025-05-13 19:35:00,17.763922940710664,67.35342201702993,2.060481049396414,43.91090251345947,61.45463333712177
2025-05-13 19:40:00,15.603647745051928,72.25997890862786,2.2836178967498437,52.01775586729657,61.13238956473469
2025-05-13 19:45:00,19.201913976906297,83.73303030942228,9.831499198196479,34.55379475842217,60.69976884418655
2025-05-13 19:50:00,17.37665790679487,94.38219956987096,5.67601357871195,66.24130823868012,60.13157557714474
2025-05-13 19:55:00,18.99874097647181,61.53104560462056,11.10120752643758,39.53219873573476,59.755750694507704
2025-05-13 20:00:00,17.14535430892059,80.09360580190362,8.189263520271378,15.086597767285149,59.17120472795469
2025-05-13 20:05:00,15.69237561699986,91.31563672098439,7.367455566491447,34.85739561173983,58.77565906164413
2025-05-13 20:10:00,18.232945298903317,69.17301062214564,11.395964970632708,31.953301856418243,58.33084842473097
2025-05-13 20:15:00,17.93868879589473,79.76229763367172,3.9929383886929806,49.660492575233235,57.92358568351397
2025-05-13 20:20:00,15.957798959278943,73.60060604202812,4.215130241617287,29.22260124396191,57.46799155261619
2025-05-13 20:25:00,16.227179029313305,62.791100610569714,4.249197219749571,37.061207592178526,57.2030718139734
2025-05-13 20:30:00,15.807150339899565,73.32484323817916,5.924160917486514,53.69431902569745,56.770477379367065
2025-05-13 20:35:00,17.391255815381754,72.84062596154712,1.5807687709167375,36.71420467805512,56.26392299952503
2025-05-13 20:40:00,19.77492302637516,75.56953955761118,7.055523155959344,42.95286266921616,55.926049628791844
2025-05-13 20:45:00,19.190229105132815,60.44036712618687,5.326034667931499,35.954960291826666,55.62000396431767
2025-05-13 20:50:00,16.095842665677388,95.50005214675734,7.585857007434334,51.81740832580807,55.400552949898895
2025-05-13 20:55:00,16.39593371428593,82.14922402352778,2.174410444107839,65.86443496658353,55.016627837390836
2025-05-13 21:00:00,19.39962061772642,79.69336524905162,6.686886476283178,30.65488856048803,54.437707651581555
2025-05-13 21:05:00,19.394812327671332,62.42311876378585,4.520012308514281,49.25004554152494,54.147478181182954
2025-05-13 21:10:00,14.981420709136069,78.76365257119396,9.995160400709636,44.51773993461664,53.77311829995765
2025-05-13 21:15:00,15.54929298654997,83.64193657196445,4.219881434991837,16.7968964978607,53.24350594847975
2025-05-13 21:20:00,18.74927938258713,100.0,1.7458023963929366,47.24747062992953,52.90510255811612
2025-05-13 21:25:00,16.37207233519785,72.49732640400687,2.7252404398368197,43.994740970901674,52.648576973079905
2025-05-13 21:30:00,17.716301925069114,89.36186316771082,4.812085802084367,60.485943130034485,52.18874106696007
2025-05-13 21:35:00,15.392229925543319,73.92178598140768,12.578795654828566,58.25026157927036,51.60300606368461
2025-05-13 21:40:00,18.906204847989482,79.60244616398931,3.2053376931357853,30.602166571899087,51.02371589111658
2025-05-13 21:45:00,18.94266780367629,83.99323443560704,6.158961484378029,46.264574281681156,50.502830206141354
2025-05-13 21:50:00,11.030162984942935,74.12763972183795,1.7171473103033277,39.51149622152276,49.96969870796019
2025-05-13 21:55:00,15.566515611312733,92.4995589010012,3.5963956365493703,40.13306932556546,49.491607334342554
2025-05-13 22:00:00,15.878399984733136,77.67975694007005,6.852733380117566,28.566576759168605,48.94101845015126
2025-05-13 22:05:00,17.59872203534542,71.76490274175559,1.0877333861177014,55.07617769639745,48.51082156836417
2025-05-13 22:10:00,16.712782495097418,76.77929459949408,9.53901016394936,63.2653129120024,48.03477452071954
2025-05-13 22:15:00,17.6477948185465,74.97929136116234,5.881213569940307,25.452899092020154,47.461863106146836
2025-05-13 22:20:00,16.249399119557527,84.15714492903737,3.878423248945106,52.309451424918045,47.11481536392748
2025-05-13 22:25:00,18.05867081840303,68.1629518064473,0.0,28.247031032354965,46.68909946416262
2025-05-13 22:30:00,18.295121067887386,83.90526638600787,3.872131999336149,44.24673598264221,46.28617933241183
2025-05-13 22:35:00,15.676220014015852,84.00315849578259,5.995566367908165,36.978352487765875,45.95836306225704
2025-05-13 22:40:00,17.484824229149996,85.60545890106923,8.86137298889852,63.574314696087924,45.69403859531661
2025-05-13 22:45:00,18.31335517876125,63.02348147052376,4.566993414025245,47.28305697242243,45.41933182395026
2025-05-13 22:50:00,16.274689278650516,82.5832648282799,0.6009663756090609,10.0,45.103029354782464
2025-05-13 22:55:00,16.75628846937297,91.50591053724165,3.6941069571133545,40.69981193384472,44.679305799506075
2025-05-13 23:00:00,17.640461254200506,84.78313009627568,6.0280372736863725,25.138652664454444,44.39000513045808
2025-05-13 23:05:00,18.824765900322134,78.45858506058751,5.169040687130387,40.13749779000846,43.82388256673489
2025-05-13 23:10:00,19.534688462330585,67.14951993127059,7.563391841225829,41.57635146842394,43.31940660744497
2025-05-13 23:15:00,16.56797311382599,85.97268977070291,7.308489253669684,33.19802226848914,42.86325859900317
2025-05-13 23:20:00,17.68320385777418,78.6302177329586,11.419451261349638,33.32446299146942,42.415056718857606
2025-05-13 23:25:00,15.988621741399239,90.76225236710945,4.418137187195997,44.65995347812735,42.15050900714681
2025-05-13 23:30:00,19.098960040871063,81.43144865507529,12.436490317309806,40.15894743032877,41.690234211418115
2025-05-13 23:35:00,15.71403174128196,82.72496184592127,2.858754510630875,36.86433421487237,41.24657582018485
2025-05-13 23:40:00,15.958744475962781,82.01152605664902,9.79101402646973,42.117523682471706,40.70938634065634
2025-05-13 23:45:00,18.42644236668274,90.84777360726336,0.0,24.517876898614524,40.4193693667787
2025-05-13 23:50:00,15.13741253733085,75.86975227382754,5.521820798495034,20.820702321152385,39.96982036399856
2025-05-13 23:55:00,18.06007017512661,71.73102248736207,3.96275241441147,23.26069638967867,39.724003156861166
2025-05-14 00:00:00,16.437399156505293,91.63172417812154,7.674611725497936,49.43487895418713,39.251031098891424
